cruel,too,self,sweet,thy,to,foe,thy,self,thy
lies,abundance,where,famine,a,making
fuel,self-substantial,with,flame,light's,thy,feed'st
eyes,bright,own,thine,to,contracted,thou,but
praise,thriftless,and,shame,all-eating,an,were
eyes,sunken,deep,own,thine,within,say,to
days,lusty,thy,of,treasure,the,all,where
lies,beauty,thy,all,where,asked,being,then
posterity,stop,to,self-love,his,of
tomb,the,be,will,fond,so,he,is,who,or
husbandry,thy,of,tillage,the,disdains
womb,uneared,whose,fair,so,she,is,where,for
live,not,canst,yet,sums,of,sum,a,great,so
use,thou,dost,why,usurer,profitless
give,to,thee,given,largess,bounteous,the
abuse,thou,dost,why,niggard,beauteous,then
where,every,bareness,and,o'er-snowed,beauty
gone,quite,leaves,lusty,and,frost,with,checked,sap
there,him,confounds,and,winter,hideous,to
on,summer,leads,time,never-resting,for
one,for,ten,it,be,happier,times,ten,or
thee,another,breed,to,self,thy,for,that's
loan,willing,the,pay,that,those,happies,which
usury,forbidden,not,is,use,that
pilgrimage,golden,his,on,attending
still,beauty,his,adore,looks,mortal,yet
age,middle,his,in,youth,strong,resembling
hill,heavenly,steep-up,the,climbed,having,and
bear,shouldst,thou,that,parts,the,singleness,in
confounds,who,thee,chide,sweetly,but,do,they
ear,thine,offend,do,married,unions,by
sounds,well-tuned,of,concord,true,the,if
mind,in,shape,husband's,her,eyes,children's,by
keep,may,well,widow,private,every,when
behind,left,hast,thee,of,form,no,thou,that
weep,still,and,widow,thy,be,will,world,the
desire,chief,thy,be,should,repair,to,which
ruinate,to,roof,beauteous,that,seeking
conspire,to,not,stick'st,thou,self,thy,'gainst,that
hate,murd'rous,with,possessed,so,art,thou,for
away,world,the,make,would,year,threescore,and
cease,should,times,the,so,minded,were,all,if
decay,cold,and,age,folly,this,without
increase,and,beauty,wisdom,lives,herein
beard,bristly,and,white,with,bier,the,on,borne
sheaves,in,up,girded,all,green,summer's,and
herd,the,canopy,did,heat,from,erst,which
leaves,of,barren,see,i,trees,lofty,when
bear,should,form,sweet,your,issue,sweet,your,when
decease,self's,your,after,again,self,your
were,you,then,determination,no,find
lease,in,hold,you,which,beauty,that,should,so
find,heaven,in,i,that,predict,oft,by
well,go,shall,it,if,princes,with,say,or
wind,and,rain,thunder,his,each,to,pointing
tell,minutes,brief,to,fortune,i,can,nor
memory,of,out,state,brave,their,wear,and
decrease,height,at,sap,youthful,their,in,vaunt
sky,self-same,the,by,even,checked,and,cheered
increase,plants,as,men,that,perceive,i,when
counterfeit,painted,your,than,liker,much
flowers,living,you,bear,would,wish,virtuous,with
unset,yet,gardens,maiden,many,and
hours,happy,of,top,the,on,you,stand,now
faces,earthly,touched,ne'er,touches,heavenly,such
lies,poet,this,say,would,come,to,age,the
graces,your,all,number,numbers,fresh,in,and
eyes,your,of,beauty,the,write,could,i,if
untrimmed,course,changing,nature's,or,chance,by
declines,sometime,fair,from,fair,every,and
dimmed,complexion,gold,his,is,often,and
shines,heaven,of,eye,the,hot,too,sometime
crime,heinous,most,one,thee,forbid,i,but
sweets,fading,her,all,and,world,wide,the,to
time,swift-footed,wilt,thou,whate'er,do,and
fleet'st,thou,as,seasons,sorry,and,glad,make
amazeth,souls,women's,and,eyes,men's,steals,which
controlling,his,in,hues,all,hue,in,man,a
gazeth,it,whereupon,object,the,gilding
rolling,in,false,less,theirs,than,bright,more,eye,an
hems,rondure,huge,this,in,air,heaven's,that
rare,things,all,and,flowers,first-born,april's,with
gems,rich,sea's,and,earth,with,moon,and,sun,with
compare,proud,of,couplement,a,making
art,thou,than,elder,be,then,i,can,how
me,in,thine,as,live,doth,breast,thy,in,which
heart,my,of,raiment,seemly,the,but,is
thee,cover,doth,that,beauty,that,all,for
might,love's,own,mine,of,burthen,with,o'ercharged
decay,to,seem,strength,love's,own,mine,in,and
rite,love's,of,ceremony,perfect,the
say,to,forget,trust,of,fear,for,i,so
eyes,thine,with,glazed,windows,his,hath,that
still,hanging,is,shop,bosom's,my,in,which
lies,pictured,image,true,your,where,find,to
skill,his,see,you,must,painter,the,through,for
die,glory,their,in,they,frown,a,at,for
buried,lies,pride,their,themselves,in,and
eye,sun's,the,at,marigold,the,as,but
spread,leaves,fair,their,favourites,princes,great
it,bestow,will,naked,all,thought,soul's,thy,in
thine,of,conceit,good,some,hope,i,that,but
it,show,to,words,wanting,in,bare,seem,make,may
mine,as,poor,so,wit,which,great,so,duty
see,do,blind,the,which,darkness,on,looking
wide,open,eyelids,drooping,my,keep,and
thee,to,pilgrimage,zealous,a,intend
abide,i,where,far,from,thoughts,my,then,for
thee,from,off,farther,still,toil,i,far,how
complain,to,other,the,toil,by,one,the
me,torture,to,hands,shake,consent,in,do
reign,either's,to,enemies,though,each,and
least,contented,enjoy,most,i,what,with
scope,man's,that,and,art,man's,this,desiring
possessed,friends,with,him,like,him,like,featured
hope,in,rich,more,one,to,like,me,wishing
sight,vanished,a,many,of,expense,th,moan,and
woe,cancelled,since,long,love's,afresh,weep,and
night,dateless,death's,in,hid,friends,precious,for
flow,to,unused,eye,an,drown,i,can,then
lie,thee,in,hidden,that,removed,things,but
appear,now,which,dead,the,of,interest,as
eye,mine,from,stol'n,love,religious,dear,hath
tear,obsequious,and,holy,a,many,how
men,happier,of,height,the,by,exceeded
rhyme,their,for,not,love,my,for,them,reserve
pen,every,by,outstripped,be,they,though,and
time,the,of,bett'ring,the,with,them,compare
disgrace,this,with,west,to,unseen,stealing
hide,visage,his,world,forlorn,the,from,and
face,celestial,his,on,rack,ugly,with
ride,to,clouds,basest,the,permit,anon
disgrace,the,not,cures,and,wound,the,heals,that
speak,can,salve,a,such,of,well,man,no,for
face,storm-beaten,my,on,rain,the,dry,to
break,thou,cloud,the,through,that,enough,not,'tis
are,sins,thy,than,more,sins,thy,excusing
amiss,thy,salving,corrupting,self,my
compare,with,trespass,thy,authorizing
this,in,i,even,and,faults,make,men,all
delight,love's,from,hours,sweet,steal,it,doth,yet
effect,sole,love's,not,alter,it,though,which
spite,separable,a,lives,our,in,though
respect,one,but,is,there,loves,two,our,in
store,this,to,engrafted,love,my,make,i
sit,crowned,do,parts,thy,in,entitled
more,or,all,or,all,these,of,any,or
wit,or,wealth,or,birth,beauty,whether,for
light,invention,give,dost,self,thy,thou,when
thee,to,write,not,can,that,dumb,so,who's,for
sight,thy,against,stand,perusal,worthy
me,in,aught,if,thanks,the,self,thy,give,o
alone,deserv'st,thou,which,thee,to,due,that
give,may,i,separation,this,by,that
one,single,of,name,lose,love,dear,our,and
live,divided,us,let,this,for,even
refusest,self,thy,what,of,taste,wilful,by
deceivest,self,thy,thou,if,blamed,be,yet,but
usest,thou,love,my,for,thee,blame,not,can,i
receivest,love,my,thou,love,my,for,if,then
prevailed,have,he,till,her,leave,sourly,will
son,woman's,what,woos,woman,a,when,and
assailed,be,to,therefore,art,thou,beauteous
won,be,to,therefore,and,art,thou,gentle
her,approve,to,sake,my,for,friend,my,suff'ring
me,abuse,she,doth,so,even,sake,my,for,and
her,love,i,know'st,thou,because,her,love,dost,thou
ye,excuse,will,i,thus,offenders,loving
so,shines,shade,thy,eyes,unseeing,to,when
light,clearer,much,thy,with,day,clear,the,to
show,happy,form,form,shadow's,thy,would,how
bright,make,doth,shadows,shadow,whose,thou,then
be,would,he,where,place,the,think,as,soon,as
land,and,sea,both,jump,can,thought,nimble,for
thee,from,removed,earth,farthest,the,upon
stand,did,foot,my,although,then,matter,no
melancholy,with,oppressed,death,to,down,sinks
alone,two,with,four,of,made,being,life,my
thee,to,love,of,embassy,tender,in
gone,are,elements,quicker,these,when,for
lies,appearance,fair,thy,him,in,says,and
deny,plea,that,doth,defendant,the,but
eyes,crystal,with,pierced,never,closet,a
lie,dost,him,in,thou,that,plead,doth,heart,my
part,a,share,doth,love,of,thoughts,his,in,and
guest,heart's,my,is,eye,mine,time,another
heart,my,bids,banquet,painted,the,to,and
feast,doth,eye,my,then,picture,love's,my,with
thief,vulgar,every,of,prey,the,left,art
care,only,mine,and,dearest,of,best,thou
grief,greatest,my,now,comfort,worthy,most
are,trifles,jewels,my,whom,to,thou,but
gravity,settled,of,find,reasons,shall
was,it,thing,the,from,converted,love,when
eye,thine,sun,that,with,me,greet,scarcely,and
pass,strangely,shalt,thou,when,time,that,against
thee,from,made,being,speed,not,loved,rider,his
know,did,wretch,the,instinct,some,by,if,as
me,in,weight,that,bear,to,on,dully,plods
woe,my,with,tired,me,bears,that,beast,the
know,i,shall,motion,no,speed,winged,in
wind,the,on,mounted,though,spur,i,should,then
slow,but,seem,can,extremity,swift,when
find,then,beast,poor,my,will,excuse,what,o
carcanet,the,in,jewels,captain,or
are,placed,thinly,they,worth,of,stones,like
set,year,long,that,in,coming,seldom,since
rare,so,and,solemn,so,feasts,are,therefore
new,painted,are,tires,grecian,in,you,and
set,beauty,of,art,all,cheek,helen's,on
you,after,imitated,poorly,is
counterfeit,the,and,adonis,describe
discloses,buds,masked,their,breath,summer's,when
wantonly,as,play,and,thorns,such,on,hang
roses,the,of,tincture,perfumed,the,as
dye,a,deep,as,full,have,blooms,canker,the
memory,your,of,record,living,the
burn,shall,fire,quick,war's,nor,sword,his,mars,nor
masonry,of,work,the,out,root,broils,and
overturn,statues,shall,war,wasteful,when
dulness,perpetual,a,with,love,of,spirit,the
kill,not,do,and,again,see,to-morrow
fulness,with,wink,they,till,even,eyes,hungry,thy
fill,thou,to-day,although,thou,be,love,so
adieu,once,servant,your,bid,have,you,when
sour,absence,of,bitterness,the,think,nor
you,for,clock,the,watch,sovereign,my,i,whilst
hour,world-without-end,the,chide,i,dare,nor
injury,of,you,accusing,without
check,each,bide,sufferance,to,tame,patience,and
liberty,your,of,absence,imprisoned,th
beck,your,at,being,suffer,me,let,o
done,was,character,in,first,at,mind,since
book,antique,some,in,image,your,me,show
sun,the,of,courses,hundred,five,of,even
look,backward,a,with,could,record,that,o
confound,gift,his,now,doth,gave,that,time,and
fight,glory,his,'gainst,eclipses,crooked
crowned,being,wherewith,maturity,to,crawls
light,of,main,the,in,once,nativity
jealousy,thy,of,tenure,and,scope,the
me,in,hours,idle,and,shames,out,find,to
pry,to,deeds,my,into,home,from,far,so
thee,from,send'st,thou,that,spirit,thy,it,is
surmount,worths,all,in,other,all,i,as
define,do,worth,own,mine,self,my,for,and
account,such,of,truth,no,true,so,shape,no
mine,as,is,gracious,so,face,no,methinks
spring,his,of,treasure,the,away,stealing
sight,of,out,vanished,or,vanishing,are
king,he's,now,whereof,beauties,those,all,and
night,steepy,age's,to,on,travelled,hath
store,with,loss,and,loss,with,store,increasing
main,watery,the,of,win,soil,firm,the,and
shore,the,of,kingdom,the,on,advantage
gain,ocean,hungry,the,seen,have,i,when
decays,time,but,strong,so,steel,of,gates,nor
stout,so,not,are,impregnable,rocks,when
days,batt'ring,of,siege,wrackful,the,against
out,hold,breath,honey,summer's,shall,how,o
disabled,sway,limping,by,strength,and
disgraced,wrongfully,perfection,right,and
strumpeted,rudely,virtue,maiden,and
misplaced,shamefully,honour,gilded,and
true,is,rose,his,since,shadow,of,roses
seek,indirectly,beauty,poor,should,why
hue,living,his,of,seeming,dead,steal,and
cheek,his,imitate,painting,false,should,why
gay,another,made,fleece,dead,beauty's,ere
head,second,on,life,second,a,live,to
away,shorn,were,sepulchres,of,right,the
dead,the,of,tresses,golden,the,before
shown,hath,eye,the,than,farther,seeing,by
confound,praise,this,do,accents,other,in
own,thine,so,thee,give,that,tongues,same,those,but
crowned,is,praise,outward,with,thus,outward,thy
prime,unstained,pure,a,present'st,thou,and
love,doth,buds,sweetest,the,vice,canker,for
time,of,wooed,being,greater,the,worth,thy
approve,but,doth,slander,good,be,thou,so
woe,you,make,should,then,me,on,thinking,if
forgot,be,would,thoughts,sweet,your,in,i,that
so,you,love,i,for,it,writ,that,hand,the
not,remember,line,this,read,you,if,nay
impart,willingly,would,truth,niggard,than
i,deceased,upon,praise,more,hang,and
desert,own,mine,than,me,for,more,do,to
lie,virtuous,some,devise,would,you,unless
rest,in,all,up,seals,that,self,second,death's
away,take,doth,night,black,by,and,by,which
west,the,in,fadeth,sunset,after,as
day,such,of,twilight,the,seest,thou,me,in
me,of,part,better,the,thine,is,spirit,my
due,his,is,which,earth,but,have,can,earth,the
thee,to,consecrate,was,part,very,the
review,dost,thou,this,reviewest,thou,when
pleasure,my,see,may,world,the,that,bettered,then
alone,you,with,be,to,best,counting,now
treasure,his,steal,will,age,filching,the,doubting
anon,and,enjoyer,an,as,proud,now
proceed,did,they,where,and,birth,their,showing
name,my,tell,almost,doth,word,every,that
weed,noted,a,in,invention,keep,and
same,the,ever,one,all,still,i,write,why
eternity,to,progress,thievish,time's
know,mayst,stealth,shady,dial's,thy,by,thou
memory,thee,give,will,graves,mouthed,of
show,truly,will,glass,thy,which,wrinkles,the
majesty,double,a,grace,given,and
wing,learned's,the,to,feathers,added,have
fly,to,aloft,ignorance,heavy,and
sing,to,high,on,dumb,the,taught,that,eyes,thine
again,thee,it,pays,and,of,thee,robs,he
invent,doth,poet,thy,thee,of,what,yet
pen,worthier,a,of,travail,the,deserves
argument,lovely,thy,love,sweet,grant,i
appear,wilfully,doth,main,broad,your,on
his,to,far,inferior,bark,saucy,my
bear,doth,sail,proudest,the,as,humble,the
is,ocean,the,as,wide,worth,your,since,but
lie,shall,eyes,men's,in,entombed,you,when
grave,common,a,but,me,yield,can,earth,the
die,must,world,the,all,to,gone,once,i,though
have,shall,life,immortal,hence,from,name,your
days,time-bettering,the,of,stamp,fresher,some
anew,seek,to,enforced,art,therefore,and
praise,my,past,limit,a,worth,thy,finding
hue,in,as,knowledge,in,fair,as,art,thou
grow,doth,you,in,worth,what,worth,of,speaking
short,too,come,doth,quill,modern,a,far,how
show,might,well,extant,being,self,your,you,that
report,your,in,slept,i,have,therefore,and
story,his,dignifies,so,you,are,you,that
tell,can,he,if,you,of,writes,that,he,but
glory,small,some,not,lends,subject,his,to,that
dwell,doth,pen,that,within,penury,lean
pen,refined,well,of,form,polished,in
affords,spirit,able,that,hymn,every,to
amen,cry,still,clerk,unlettered,like,and
words,good,write,other,whilst,thoughts,good,think,i
astonished,verse,my,aid,him,giving
night,by,compeers,his,nor,he,neither,no
dead,me,struck,that,pitch,mortal,a,above
write,to,taught,spirits,by,spirit,his,it,was
swerving,is,again,back,patent,my,so,and
wanting,is,me,in,gift,fair,this,of,cause,the
deserving,my,is,where,riches,that,for,and
granting,thy,by,but,thee,hold,i,do,how,for
glory,much,win,shalt,me,losing,in,thou,that
attainted,am,i,wherein,concealed,faults,of
story,a,down,set,can,i,part,thy,upon
acquainted,best,being,weakness,own,mine,with
strange,look,and,strangle,acquaintance,will,i
will,thy,knowing,disgrace,self,my,'ll,i,as
change,desired,upon,form,a,set,to
ill,so,half,me,disgrace,love,not,canst,thou
overthrow,purposed,a,out,linger,to
morrow,rainy,a,night,windy,a,not,give
woe,conquered,a,of,rearward,the,in,come
sorrow,this,'scaped,hath,heart,my,when,not,do,ah
best,general,one,in,better,i,these,all
measure,my,not,are,particulars,these,but
rest,the,above,joy,a,finds,it,wherein
pleasure,adjunct,his,hath,humour,every,and
depend,doth,humour,thy,on,which,that,than
belongs,me,to,state,better,a,see,i
end,hath,life,my,them,of,least,the,in,when
wrongs,of,worst,the,fear,to,not,i,need,then
strange,wrinkles,and,frowns,and,moods,in,writ,is
history,heart's,false,the,looks,many's,in
change,thy,know,not,can,i,that,in,therefore
eye,thine,in,hatred,no,live,can,there,for
excellence,their,of,stewards,but,others
faces,their,of,owners,and,lords,the,are,tibey
expense,from,riches,nature's,husband,and
graces,heaven's,inherit,do,rightly,they
report,ill,an,blesses,name,thy,naming
praise,of,kind,a,in,but,dispraise,not,can
sport,thy,on,comments,lascivious,making
days,thy,of,story,the,tells,that,tongue,that
deemed,things,true,for,and,translated,truths,to
seen,are,thee,in,that,errors,those,are,so
esteemed,well,be,will,jewel,basest,the
queen,throned,a,of,finger,the,on,as
decease,lords,their,after,wombs,widowed,like
prime,the,of,burden,wanton,the,bearing
increase,rich,with,big,autumn,teeming,the
time,summer's,was,removed,time,this,yet,and
grew,they,where,them,pluck,lap,proud,their,from,or
tell,story,summer's,any,me,make,could
hue,in,and,odour,in,flowers,different,of
smell,sweet,the,nor,birds,of,lays,the,nor,yet
stand,did,thorns,on,fearfully,roses,the
hair,thy,stol'n,had,marjoram,of,buds,and
hand,thy,for,condemned,i,lily,the
dyed,grossly,too,hast,thou,veins,love's,my,in
argument,and,skill,both,pen,thy,gives,and
esteem,lays,thy,doth,that,ear,the,to,sing
spent,idly,so,time,numbers,gentle,in
redeem,straight,and,muse,forgetful,return
?,intermixed,never,if,best,is,best,but
lay,to,truth,beauty's,pencil,no,beauty
fixed,colour,his,with,colour,no,needs,'truth
say,haply,not,thou,wilt,muse,answer,make
days,riper,of,growth,in,pipe,her,stops,and
sing,doth,front,summer's,in,philomel,as
lays,my,with,it,greet,to,wont,was,i,when
spring,the,in,but,then,and,new,was,love,our
disgrace,me,doing,and,lines,my,dulling
quite,invention,blunt,my,over-goes,that
face,a,appears,there,and,glass,your,in,look
write,can,more,no,i,if,not,me,blame,o
green,are,yet,which,fresh,you,saw,i,first,since
burned,junes,hot,three,in,perfumes,april,three
seen,i,have,seasons,the,of,process,in
turned,autumn,yellow,to,springs,beauteous,three
difference,out,leaves,expressing,thing,one
confined,constancy,to,verse,my,therefore
excellence,wondrous,a,in,constant,still
kind,to-morrow,to-day,love,my,is,kind
now,master,you,as,beauty,a,such,even
expressed,have,would,pen,antique,their,see,i
brow,of,eye,of,lip,of,foot,of,hand,of
best,beauty's,sweet,of,blazon,the,in,then
age,endless,of,olives,proclaims,peace,and
assured,themselves,crown,now,incertainties
presage,own,their,mock,augurs,sad,the,and
endured,eclipse,her,hath,moon,mortal,the
name,fair,thy,hallowed,i,first,when,as,even
thine,i,mine,thou,old,thing,old,no,counting
same,very,the,o'er,say,day,each,must,i
divine,prayers,like,yet,but,boy,sweet,nothing
stain,my,for,water,bring,self,my,that,so
exchanged,time,the,with,not,time,the,to,just
again,return,i,travels,that,him,like
ranged,have,i,if,love,of,home,my,is,that
love,of,best,my,thee,proved,essays,worse,and
youth,another,heart,my,gave,blenches,these
above,all,by,but,strangely,and,askance
truth,on,looked,have,i,that,is,it,true,most
renewed,were,i,wish,and,then,me,pity
hand,dyer's,the,like,in,works,it,what,to
subdued,is,nature,my,thence,almost,and
brand,a,receives,name,my,that,it,comes,thence
wrong,or,right,changes,or,sense,steeled,my,that
alive,none,to,i,nor,me,to,else,none
tongue,your,from,praises,and,shames,my,know,to
strive,must,i,and,world,the,all,my,are,you
catch,doth,it,what,holds,vision,own,his,nor
part,no,mind,the,hath,objects,quick,his,of
latch,doth,it,which,shape,or,flower,of,bird,of
heart,the,to,delivers,form,no,it,for
assemble,beams,his,to,objects,as,fast,as
best,perfect,a,bad,every,creating
resemble,self,sweet,your,as,cherubins,such
indigest,things,and,monsters,of,make,to
things,alt'ring,of,course,the,to,minds,strong,divert
intents,sharp'st,the,blunt,beauty,sacred,tan
kings,of,decrees,change,and,vows,'twixt,in,creep
accidents,millioned,whose,time,reckoning,but
taken,be,height,his,although,unknown,worth's,whose
bark,wand'ring,every,to,star,the,is,it
shaken,never,is,and,tempests,on,looks,that
mark,ever-fixed,an,is,it,no,o
sight,your,from,farthest,me,transport,should,which
winds,the,all,to,sail,hoisted,have,i,that
right,dear-purchased,own,your,time,to,given,and
minds,unknown,with,been,frequent,have,i,that
needing,true,was,there,that,ere,diseased,be,to
meetness,of,kind,a,found,welfare,of,sick,and
feeding,my,frame,i,did,sauces,bitter,to
sweetness,ne'er-cloying,your,of,full,being,so,even
fever,madding,this,of,distraction,the,in
fitted,been,spheres,their,of,out,eyes,mine,have,how
never,blessed,so,self,it,thought,hath,it,whilst
committed,heart,my,hath,errors,wretched,what
crime,your,in,suffered,i,once,how,weigh,to
taken,leisure,no,have,tyrant,a,i,and
time,of,hell,a,passed,y'have,yours,by,i,as
shaken,unkindness,my,by,were,you,if,for
good,think,i,what,bad,count,wills,their,in,which
spies,frailer,are,why,frailties,my,on,or
blood,sportive,my,to,salutation,give
eyes,adulterate,false,others,should,why,for
missed,be,can,never,record,thy,thee,of
part,his,yield,oblivion,razed,to,each,till
subsist,to,nature,by,faculty,have
heart,and,brain,as,long,so,least,the,at,or
told,them,heard,have,before,we,that,think,than
desire,our,to,born,them,make,rather,and
old,is,that,us,upon,foist,dost,thou,what
admire,we,therefore,and,brief,are,dates,our
calls,fashion,our,time,inviting,th,whereto
discontent,thralled,of,blow,the,under
falls,nor,pomp,smiling,in,not,suffers,it
accident,from,far,builded,was,it,no
spent,gazing,their,in,thrivers,pitiful
savour,simple,forgoing,sweet,compound,for
rent,much,too,paying,by,more,and,all,lose
favour,and,form,on,dwellers,seen,not,i,have
kill,minutes,wretched,and,disgrace,time,may
skill,her,that,purpose,this,to,thee,keeps,she
back,thee,pluck,will,still,onwards,goest,thou,as
wrack,over,mistress,sovereign,nature,if
disgrace,in,lives,not,if,profaned,is,but
bower,holy,no,name,no,hath,beauty,sweet
face,borrowed,false,art's,with,foul,the,fairing
power,nature's,on,put,hath,hand,each,since,for
stand,blushing,thee,by,boldness,wood's,the,at
reap,harvest,that,should,which,lips,poor,my,whilst
hand,thy,of,inward,tender,the,kiss,to
leap,nimble,that,jacks,those,envy,i,do
mad,taker,the,make,to,laid,purpose,on
bait,swallowed,a,as,hated,reason,past
had,sooner,no,and,hunted,reason,past
straight,despised,but,sooner,no,enjoyed
reeks,mistress,my,from,that,breath,the,in,than
delight,more,there,is,perfumes,some,in,and
cheeks,her,in,i,see,roses,such,no,but
white,and,red,damasked,roses,seen,have,i
alone,self,my,to,it,swear,i,although
bold,so,be,not,dare,i,err,they,say,to
groan,love,make,to,power,the,not,hath,face,thy
behold,thee,that,say,some,faith,good,in,yet
west,sober,the,to,glory,that,half,doth
even,the,in,ushers,that,star,full,that,nor
east,the,of,cheeks,grey,the,becomes,better
heaven,of,sun,morning,the,not,truly,and
crossed,be,to,thus,three-fold,thrice,torment,a
forsaken,am,i,thee,and,self,my,him,of
engrossed,hast,harder,thou,self,next,my,and
taken,hath,eye,cruel,thy,self,my,from,me
bind,doth,fist,as,him,that,bond,that,under
me,for,write,to,surety-like,but,learned,he
kind,is,he,and,covetous,art,thou,for
free,be,not,will,he,nor,not,wilt,thou,but
shine,acceptance,fair,no,will,my,in,and
gracious,right,seem,others,in,will,shall
thine,in,will,my,hide,to,vouchsafe,once,not
spacious,and,large,is,will,whose,thou,wilt
none,reckoned,is,one,number,a,among
prove,we,case,with,receipt,great,of,things,in
one,will,my,and,wills,with,full,it,fill,ay
,,love,thy,of,treasure,the,fulfil,will,'will
tied,is,heart,my,of,judgment,the,whereto
hooks,forged,thou,hast,falsehood,eyes,of,why
ride,men,all,where,bay,the,in,anchored,be
looks,over-partial,by,corrupt,eyes,if
suppressed,truth,simple,is,thus,sides,both,on
tongue,false-speaking,her,credit,i,simply
best,the,past,are,days,my,knows,she,although
young,me,thinks,she,that,thinking,vainly,thus
bide,can,defence,o'erpressed,my,than,more,is
might,thy,when,cunning,with,wound,thou,need'st,what
aside,eye,thine,glance,to,forbear,heart,dear
sight,my,in,but,elsewhere,lov'st,thou,me,tell
know,physicians,their,from,health,but,news,no
near,be,deaths,their,when,men,sick,testy,as
so,me,tell,to,love,yet,love,to,not,though
were,it,better,wit,thee,teach,might,i,if
alone,thee,with,feast,sensual,any,to
invited,be,to,desire,smell,nor,taste,nor
prone,touches,base,to,feeling,tender,nor
delighted,tune,tongue's,thy,with,cars,mine,are,nor
rents,their,of,revenues,beds,others,robbed
mine,as,oft,as,love,of,bonds,false,sealed,and
ornaments,scarlet,their,profaned,have,that
thine,of,lips,those,from,not,do,it,if,or
discontent,infant's,poor,her,prizing,not
face,her,before,flies,which,that,follow,to
bent,is,care,busy,whose,her,catch,to,cries
chase,in,her,holds,child,neglected,her,whilst
pride,foul,her,with,purity,his,wooing
devil,a,be,to,saint,my,corrupt,would,and
side,my,from,angel,better,my,tempteth
evil,female,my,hell,to,soon,me,win,to
greet,to,anew,thus,it,taught,and
doom,gentle,giving,in,used,was
sweet,ever,that,tongue,that,chiding
come,mercy,did,heart,her,in,straight
end,body's,thy,this,is,charge,thy,up,eat
excess,this,of,inheritors,worms,shall
spend,mansion,fading,thy,upon,thou,dost
lease,a,short,so,having,cost,large,so,why
except,did,physic,which,death,is,desire
approve,now,desperate,i,and,me,left,hath
kept,not,are,prescriptions,his,that,angry
love,my,to,physician,the,reason,my
no,:,men's,all,as,true,so,not,is,eye,love's
denote,well,doth,love,then,not,be,it,if
so,not,is,it,say,to,world,the,means,what
dote,eyes,false,my,whereon,fair,be,that,if
moan,present,with,self,my,upon,revenge
spend,not,i,do,me,on,lour'st,thou,if,nay
upon,fawn,do,i,that,thou,frown'st,whom,on
friend,my,call,do,i,that,thee,hateth,who
exceeds,best,all,worst,thy,mind,my,in,that
skill,of,warrantise,and,strength,such,is,there
deeds,thy,of,refuse,very,the,in,that
ill,things,of,becoming,this,thou,hast,whence
reason,farther,no,stays,flesh,love,in,triumph
may,he,that,body,my,tell,doth,soul,my
treason,body's,gross,my,to,part,nobler,my
betray,do,i,me,betraying,thou,for
lost,is,thee,in,faith,honest,my,all,and
thee,misuse,to,but,oaths,are,vows,my,all,for
most,perjured,am,i,twenty,break,i,when
thee,accuse,i,do,breach,oaths,two,of,why,but
cure,sovereign,a,maladies,strange,against
prove,men,yet,which,bath,seeting,a,grew,and
endure,to,still,heat,lively,dateless,a
love,of,fire,holy,this,from,borrowed,which
book,close-bleeding,heart's,in,tears,with,written
sprite,dying,my,of,sorrows,the,read,and
look,to,sometimes,deign,will,eyes,lamping,those
light,starry,with,which,on,lines,happy,and
food,with,self,thy,sustain,to,also,and
smart,my,ease,to,both,succour,some,seek,and
brood,viper's,to,like,lurkest,thou,which,in
part,inner,the,of,out,length,at,forth,break
hew,celestial,so,of,sight,wondrous,at
amazed,stand,i,her,on,still,looking,but
view,to,endure,more,no,can,i,things,base
dazed,brightness,huge,her,with,now,being,that
power,deadly,of,darts,and,wings,wanton,his
dight,him,about,soon,and,awake,him,wills
bower,cheerless,in,slept,hath,long,that,love,fresh
night,winter's,sad,of,out,forth,calling,and
her,upon,look,to,dare,ne,they,loosely,that
wide,so,her,on,gaze,which,eyes,rash,threatening
dishonor,foul,of,sdeigne,and,things,base,of,scorn
implied,close,is,looks,lofty,those,in,for
aspire,heaven,to,flames,his,makes,and,heat,great
divide,doth,it,burn,doth,once,it,when,but
fire,kindling,the,conceive,it,ere,long,is
dried,yet,not,is,sap,whose,oak,durefull,the
fired,lightning,with,one,as,die,i,do,then
askew,me,on,look,or,lour,ye,when,but
inspired,love,and,life,with,soul,my,is,then
hew,lovely,with,look,mildly,ye,when,for
bound,beauty,heavenly,on,desires,chaste,in
rest,to,minds,frail,lead,to,come,angels,but
wound,affections,base,to,darts,his,out,shoot
guest,blinded,the,not,doth,beams,bright,your,through
ever,not,consume,they,for,fire,the,to,nor
sight,purer,have,they,for,stars,the,to,nor
never,changed,are,they,for,moon,the,to,nor
night,by,shine,do,they,for,sun,the,to,not
take,vengeance,mighty,mayst,them,of,thou,that
thee,unto,captives,brings,hearts,humbled,and
make,do,eyes,her,which,massacres,huge,the
see,to,joy,doth,tyraness,the,how,see
spoil,unpityed,make,to,life,poor,my,of
persueth,intent,fell,her,greedily,but
toil,restless,my,to,respite,small,grant,to
ruth,with,or,reason,with,moved,be,will,nor
throng,me,about,thick,did,forth,breaking,thence
eyen,guileful,her,of,court,close,the,in
long,hidden,lay,which,ambush,wicked,a
remain,did,disarmed,then,i,as,so
return,earth,to,shall,fairest,is,so,what
mortality,her,remembreth,mind,her
born,was,she,whence,earth,the,on,looking,for
majesty,awful,with,mixed,humbless,mild
assay,first,the,unto,yield,to,disdain
fight,hardy,to,enur'd,minds,haughty,such
belay,wont,were,ye,which,forts,small,those,than
might,greater,needeth,castles,strong,such,'gainst
sound,rubies,be,lips,her,lo,rubies,if
plain,saphires,be,eyes,her,lo,saphires,if
found,be,far,may,that,riches,world's,this,all
contain,self,her,in,doth,love,my,lo,for
by,passing,beholder,rash,every,at
bright,fiery,arrows,deadly,their,darting
fly,did,wings,little,with,loves,of,legions
sight,glancing,her,in,how,perceive,mote,i
beside,are,there,things,wondrous,many,yet
spill,should,workmanship,his,it,trembling,least
guide,pleasure,at,hand,learned,his,eke,and
will,at,devise,could,colours,he,though,for
smart,painful,my,on,pity,with,look,or
hear,to,plaint,my,vouchsafe,once,will,she,that
heart,hard,her,soften,entreaty,long,and
tear,dropping,a,many,with,i,not,can,yet
lays,their,of,meaning,the,knew,they,if,as
rebounded,back,echoes,their,woods,the,all,that
praise,love's,of,devised,sweet,anthems,their
resounded,birds,of,choir,the,whereof,noise,with
yield,doth,might,his,to,that,lamb,silly,the
devour,to,disdaineth,pride,most,his,in
field,in,beast,every,over,reighneth,and
power,of,lord,is,that,lion,the,yet,and
impure,lusts,up,stir,that,looks,looser,their
chase,doth,again,back,countenance,stern,with,and
allure,eyes,lookers,doth,love,her,to,she
displace,pride,doth,which,pleasance,mild,with,for
amiss,think,never,that,priests,sacred,like
attend,night,and,day,do,thoughts,my,which,on
is,placed,image,glorious,her,which,in
mind,my,within,built,is,fair,temple,her
undone,her,by,find,i,hour,short,one,in
weave,do,days,many,in,i,that,all,for
shun,to,desire,my,of,suit,th'importune
conceive,doth,damsel,my,craft,subtle,such
see,pandora,new,a,i,that,think,i
dart,do,beams,shiny,their,of,out,death,that
me,in,work,do,unwares,eyes,fair,her,which
smart,baleful,bitter,the,feel,i,when,but
tried,have,well,too,i,which,power,your,prove,to
cruelty,with,thus,me,torment,to,than
pride,your,of,ensample,last,the,show,and
die,me,let,to,once,at,were,better,yet
ill,is,root,his,but,moly,is,sweet,and
enough,sour,yet,but,broom-flower,the,is,sweet
pill,his,is,bitter,but,nut,the,is,sweet
tough,is,rind,his,but,cypress,the,is,sweet
admire,and,worship,much,now,many,that
been,never,had,it,as,forgot,be,and
attire,fair,borrowed,flesh's,her,doff,shall
beseen,gay,so,now,idol,goodly,that
attire,leave,those,now,whom,maid,proud,that,of
mind,in,you,put,and,infusion,sweet,with
inspire,breast,gentle,your,likewise,in,let
find,i,me,in,of,which,thereof,power,the
deeds,famous,their,of,glory,the,sing,to
adorn,heads,poets,do,therewith,they,and
meeds,their,as,vanquished,the,by,them,yielded
borne,victors,the,of,is,she,quoth,bay,the
manifold,augmented,flames,my,feel,and
sweat,boiling,in,more,much,burn,i,that,but
cold,frozen,heart,her,by,delayed,not,is
heat,exceeding,my,that,it,comes,how,or
wrath,their,of,danger,the,shun,to,warn,and
chase,may,rest,the,all,terror,their,with,that
hath,given,she,countenance,dreadful,a
race,bloody,of,beasts,other,all,to,sith
wit,stubborn,her,of,th'anvil,on,beat,do
i,which,with,prayers,and,plaints,the,all,ne
whit,a,soft,iron,than,hard,more,heart,her
fry,i,which,in,flames,these,all,not,can,yet
writ,rudely,but,rest,the,as,it,were,all
head,simple,man's,one,for,work,sufficient
it,of,the'accomplishment,think,not,ye,do
aread,me,to,grace,of,this,lodwick,but
plast,me,about,round,perils,hidden,through
dismay,and,darkness,in,now,wander,do
overcast,is,clouds,with,direct,to,me
ray,bright,her,with,wont,that,star,whose,i,so
poor,me,makes,plenty,so,:,starv'd,him,eyes,whose
vain,narcissus,like,amazement,their,in
more,the,it,on,gaze,they,it,having,and
sustain,life,not,can,they,it,lacking,for
miseries,my,augment,more,daily,and
increase,still,doth,cruelty,their,that,but
eyes,thrilling,her,with,agreement,make,or
peace,purchase,to,me,for,means,no,there,is
aware,well,not,are,which,hearts,weaker,their
enfold,craftily,may,caught,being,and
snare,golden,that,in,entangle,may,she
bold,too,gaze,which,eyes,frail,men's,that,it,is
will,stubborn,her,from,dolphin,the,move,nor
appease,wrath,her,of,tempest,dreadful,the
skill,any,with,not,can,ears,dainty,some
please,to,wont,was,which,music,rude,my,but
gladness,robbing,heart,with,revived,me,and
part,every,through,ran,pleasance,melting,a
sadness,in,late,shinedst,thou,me,on,when,for
art,sweet,self,thy,as,virtue,thy,is,sweet
ray,goodly,his,spread,doth,world,broad,the,through
flit,is,away,storm,dreadful,a,when,that
day,summer's,in,sunshine,fair,the,unto
wit,simple,my,in,seemeth,it,likest
lost,are,gifts,goodly,nature's,her,all,then
woe,wretch's,a,t'increase,delight,take,and
most,her,loves,that,man,the,plague,will,she,that
so,be,will,her,and,nature,her,if,but
heart,captived,poor,my,pledge,for,yield,and
remain,to,ever,for,thrall,her,joy,but
smart,continual,my,from,acquit,be,to
vain,but,were,wishing,for,wish,i,do,ne
die,silence,in,stock,stupid,a,like,but
all,at,think,nor,speak,may,i,neither,that
tie,to,restraint,proud,with,tongue,my,eke,and
thrall,to,heart,my,both,this,is,tyranny,what
aslake,can,reason,nor,stint,can,skill,no
are,warried,passions,of,powers,weak,my,whilest
make,do,myself,against,myself,which,the
war,civil,cruel,continual,this,but
immortally,remains,part,every,and
hue,celestial,your,of,idea,fair,the
eye,earthly,of,view,to,divine,so,thing
shew,can,it,hardly,though,heart,my,within
be,must,perforce,it,so,heaven,lower,my
sway,doth,life,my,will,whose,will,she,as,but
form,best,the,is,what,best,know,heavens,the
obey,her,or,heaven,or,i,shall,then,whom
pray,wretched,the,on,pleasure,at,feeds,and
pride,cruel,with,kills,she,caught,being,whom
decay,their,to,tempt,and,love,her,unto
guide,doth,hearts,weak,smiles,flattering,with,she,so
pained,unjustly,cause,master's,thy,plead,but
conspire,didst,treason,nor,heresy,yet
ordained,heretics,for,end,bad,so,then
hire,better,found,have,to,thou,worthy,well
enemies,your,against,force,your,bend,but
ill,you,thought,never,that,him,on,not,then
eyes,imperious,your,of,power,the,show,to
will,proud,and,pleasure,your,be,it,if,but
please,doth,itself,as,members,the,rules,and
chief,body,the,all,of,heart,the,not,is
disease,mind's,the,of,discovery,deep,in
priefe,little,but,hast,that,i,quoth,man,vain
end,to,bring,and,t'achieve,hard,not,was,which
assayed,excellect,was,aught,never,sith
commend,more,should,i,which,blame,hardness,her
trade,lovers,in,untrained,i,do,then,why
remain,to,languor,in,alone,longwhile
exiled,dear,dearest,my,of,presence,from
pain,solitary,to,and,sorrow,to
yield,prisoner,a,myself,now,i,do,so
shew,me,unto,will,mercy,no,then,and
decay,own,mine,to,me,allure,doth,she
hue,her,of,semblance,goodly,the,with,for
play,doth,me,with,fair,cruel,my,so,right
tragedy,a,woes,my,make,and,wail,i
flits,sorrow,to,joy,my,when,after,soon
comedy,a,to,like,mirth,in,mask,and
fits,occasion,glad,when,joy,i,sometimes
desire,faint,with,freeze,doth,she,for,fire,not
rare,or,light,so,not,is,she,for,air,not
fire,like,burn,doth,love,her,for,water,not
are,heavenly,more,thoughts,high,her,for,earth,not
ruinate,to,it,strongly,it,on,beats
comfortless,all,alone,tree,a,finding
prostrate,doth,things,all,that,storm,a,is,as
pityless,and,proud,but,sure,ye,be,fair
shot,have,eyes,your,which,arrows,thousand,with
everywhere,launched,through,heart,my,seeing
jot,a,live,should,i,how,is,wonder,that
appear,wounds,my,sore,so,powers,my,weak,so
delight,false,weather,fairer,for,aught,ne
depart,it,from,doth,tempest,for,aught,ne
aright,course,her,keeps,and,waves,raging,the
part,strongly,doth,ship,steady,a,like,but
outwent,life,my,which,forty,those,all,than
appear,me,unto,longer,doth,which,the
spent,is,year,one,move,to,me,in,began
clear,planet,his,god,winged,the,since,so
adorn,gifts,their,with,her,did,which,of,each
upbrought,saints,blessed,of,crew,the,with,and
born,heavenly,angels,of,brood,the,of,and
wrought,divinely,is,she,as,being,for
offend,did,we,which,with,faults,the,fly,and
eschew,us,let,forepast,sins,year's,old,the
amend,lives,former,and,minds,our,each,change
view,weather,of,change,this,which,us,let,so
alive,is,dainty,and,dear,that,all,of
store,with,fraught,and,far,from,seems,it,soil,fair
arrive,to,for,long,ere,hope,i,which,in
shore,happy,the,descry,length,at,do,i
spread,newly,but,pinks,like,eyes,lovely,her
bellamores,budded,like,brows,snowy,her
red,roses,unto,like,cheeks,ruddy,her
gillyflowers,unto,like,smell,did,lips,her
fill,her,feeds,and,sings,but,cage,her,within
captivity,no,feels,bird,gentle,the
ill,any,of,dread,or,constraint,without
tie,doth,love,true,which,the,bands,the,be,sweet
state,lowly,so,unto,stoop,ye,did,why
none,to,matchable,heaven,in,but,ne
mate,for,fit,one,found,have,earth,on,not,could
paragon,surpassing,worths,high,whose,yet
brook,next,the,at,thirst,her,quench,to,thinking
way,self-same,the,returned,deer,gentle,the
forsook,chase,the,had,weary,all,i,when
assay,vain,and,pursuit,long,after,so
felicity,in,ever,for,live,may
sin,from,washed,clean,blood,dear,thy,with,being
die,didst,thou,whom,for,we,that,grant,and
begin,joy,with,lord,dear,day,joyous,this
chastity,and,love,honour,with,adorn'd
prize,beauty's,peerless,conquest,love's,my,of
memory,the,record,may,i,which,in
devise,fit,most,i,shall,then,trophy,what
take,forelock,the,by,him,do,she,unless
staid,be,not,will,time,joyous,the,her,tell
awake,well,not,bower,winter's,her,in,yet
laid,careless,is,she,where,love,my,to,go
remove,may,never,ye,that,firmly,so
are,captived,now,ye,bands,straight,whose,in
love,his,to,thralled,and,foe,dear,a,of
snare,cunning,in,caught,were,youself,so,right
flight,former,her,forgets,heaven,unto,and
fly,doth,back,it,bait,pleasure's,sweet,with,drawn
light,her,in,glory,heaven's,resembling
spy,doth,it,beauty,sovereign,that,when,where
sight,your,unto,back,flys,fill,his,feed,to
eye,fair,your,on,wont,that,heart,my,so,even
flight,his,make,doth,it,to,food,desired
spy,doth,hand,one's,in,that,bird,a,as,like
lent,me,to,riches,large,and,honour,that
kind,most,queen,sovereign,my,is,second,the
descent,due,by,deriv'd,womb,mother's,from
kind,by,gave,me,to,being,my,first,the
likewise,out,wiped,be,name,my,eek,and
decay,this,to,like,shall,myself,i,for
immortalize,to,so,thing,mortal,a
assay,vain,in,doest,that,she,said,man,vain
prey,did,they,beauty,of,spoil,sweet,the,on
insight,amorous,through,deep,diving,whiles
astray,led,rashly,too,thoughts,frail,my,and
sight,lovely,your,with,ravished,i,was,how
entice,did,atalanta,which,those,or
by,came,hercules,which,those,passing,far
price,unvalued,of,apples,golden,two
lie,did,dish,silver,a,in,there,which,'mongst
aspect,her,of,full,are,bower,and,field,yet
find,can,her,i,bower,nor,field,in,nor,yet
decked,presence,late,her,with,bower,her,seek,i
signed,footing,late,her,with,fields,the,seek,i
ensue,flesh,doth,that,corruption,frail,from
free,and,permanent,is,that,only,but
hue,glorious,that,loose,and,naught,to,turn,shall
be,it,fair,ever,how,rest,the,all,for
due,attention,and,endeavor,strong,with
assoyle,work,second,that,will,stoutly,and
anew,break,will,i,prison,my,of,out
toil,after,refreshed,steed,a,as,then
away,drives,she,smiles,with,light,goodly,her
dark,doth,oft,which,pride,of,cloud,that,when,fair
lay,doth,forth,she,merchandise,precious,with
bark,rich-laden,a,like,breast,her,when,fair
monument,golden,in,name,glorious,your
enchased,have,could,verse,whose,wit,heavenly,soom
invent,mote,ye,rest,the,in,as,this,in
graced,you,much,so,heavens,equal,the,had,for
poor,me,makes,plenty,so,:,starv'd,him,eyes,whose
vain,narcissus,like,amazement,their,in
more,the,it,on,gaze,they,it,seeing,and
sustain,life,not,can,they,it,lacking,for
sights,joyous,most,those,with,yourself,fill,there
delights,angelic,with,accompanied
rest,of,bower,chaste,her,in,her,visit,go
sprites,tempered,well,from,breathed,thoughts,modest,and
aspire,desert,her,of,deem,to,not,but
her,at,wonder,them,let,envy,than,rather
admire,or,envy,not,know,they,that,all
matter,heavenly,so,of,not,skill,that,they,but
ire,of,coals,up,stir,did,love,true,my,in
tell,didst,thou,which,lies,false-forged,with,that
hire,accursed,thine,for,fall,thee,upon
hell,of,pains,horrid,and,plagues,the,all,let
reascend,shortly,would,day,that,wish,i
forlorn,light,of,us,hath,night,as,when,and
end,would,day,noyous,the,night,that,wish,i
adorn,doth,heaven,the,day,as,when,for
remain,eye,mine,in,doth,glance,some,whereof
ray,heavenly,that,of,image,th'only,but
vain,shadows,their,upon,gaze,others,when
day,clearest,the,in,though,see,i,ought,ne
