{"now": ["how"], "peace": ["increase"], "manifold": ["behold"], "burn": ["turn"], "show": ["grow", "owe"], "indeed": ["need"], "lack": ["black"], "all": ["call"], "rest": ["breast", "best", "blest"], "not": ["blot"], "bright": ["might", "night"], "ever": ["never"], "looks": ["books"], "prognosticate": ["date"], "cold": ["old"], "still": ["skill", "will"], "hate": ["debate"], "find": ["mind", "blind", "wind"], "happiness": ["bliss"], "increase": ["peace"], "slow": ["woe"], "decay": ["away"], "pen": ["men"], "treasure": ["pleasure"], "deeds": ["sheds", "weeds", "proceeds"], "young": ["wrong"], "crime": ["time"], "bays": ["praise"], "black": ["lack"], "choose": ["lose"], "beloved": ["removed"], "destroy": ["i"], "pride": ["tried"], "might": ["bright", "light"], "worth": ["forth"], "hope": ["scope"], "bliss": ["this", "happiness", "miss"], "abused": ["used"], "good": ["blood"], "worse": ["curse"], "thereby": ["die"], "song": ["tongue"], "thee": ["be", "me", "see"], "spell": ["well"], "rhyme": ["time"], "kind": ["mind"], "bane": ["pain"], "know": ["so"], "kiss": ["this"], "weeds": ["deeds"], "report": ["sort"], "one": ["alone", "moan"], "day": ["away"], "prime": ["time"], "reveal": ["heal"], "meat": ["eat"], "ought": ["taught"], "die": ["thereby", "cruelty"], "excel": ["smell"], "bad": ["had"], "beguiled": ["wild"], "she": ["me"], "truth": ["youth"], "lose": ["choose"], "tower": ["bower"], "told": ["old"], "untrue": ["you"], "old": ["cold", "told"], "fair": ["heir"], "flatter": ["matter"], "begin": ["sin"], "dead": ["bred"], "maintain": ["reign"], "see": ["thee", "death", "be", "agree", "bee", "me"], "books": ["looks"], "astonishment": ["wonderment"], "sight": ["delight"], "hell": ["well"], "dear": ["fear"], "sport": ["sort"], "skill": ["still"], "best": ["breast", "rest"], "out": ["doubt"], "youth": ["truth"], "defence": ["hence"], "hide": ["denied"], "give": ["live"], "space": ["grace"], "ways": ["days"], "thunder": ["wonder"], "noon": ["son"], "belied": ["wide"], "near": ["elsewhere", "cheer"], "debate": ["hate"], "content": ["spent"], "behind": ["mind"], "sustain": ["rain"], "wide": ["belied"], "denied": ["hide"], "woe": ["slow", "so"], "new": ["you"], "fall": ["call"], "cause": ["laws"], "knife": ["life"], "shows": ["foes"], "be": ["thee", "me", "i", "see", "free", "degree"], "never": ["ever"], "perish": ["cherish"], "degree": ["be", "me"], "transferred": ["erred"], "commits": ["sits"], "men": ["pen", "then"], "ignorance": ["advance"], "free": ["me", "be"], "behold": ["manifold"], "blot": ["not"], "spoil": ["toil"], "alone": ["one", "gone", "none"], "yore": ["store"], "respect": ["effect"], "care": ["rare"], "foes": ["shows"], "stone": ["moan"], "rare": ["care", "compare"], "renew": ["subdue"], "cheered": ["cleared"], "ill": ["will"], "days": ["praise", "ways"], "turn": ["burn"], "fear": ["dear"], "entertain": ["rain"], "stand": ["hand"], "cherish": ["perish"], "hence": ["defence"], "tongue": ["song"], "blind": ["find", "mind"], "named": ["shamed"], "love": ["prove"], "prepared": ["reward"], "gone": ["alone", "moan"], "owe": ["show"], "sweet": ["meet"], "vain": ["remain"], "son": ["noon"], "lies": ["eyes"], "slain": ["again", "pain"], "wit": ["writ"], "fast": ["last"], "kings": ["brings"], "miss": ["bliss"], "light": ["might"], "moan": ["gone", "one", "stone"], "art": ["heart"], "forth": ["worth"], "subdue": ["renew"], "her": ["her", "greater"], "prove": ["love"], "remains": ["contains"], "contains": ["remains"], "long": ["strong"], "twain": ["remain"], "spread": ["fed"], "live": ["give"], "doubt": ["out"], "call": ["all", "fall"], "strong": ["long"], "privilege": ["edge"], "scope": ["hope"], "friend": ["end"], "wonderment": ["astonishment"], "sort": ["report", "sport"], "eyes": ["arise", "devise", "lies"], "elsewhere": ["near"], "sprite": ["delight"], "advance": ["ignorance"], "brings": ["kings"], "heal": ["reveal"], "heir": ["fair"], "cruelty": ["die"], "reign": ["maintain"], "it": ["sit"], "part": ["heart"], "bower": ["tower"], "gain": ["pain", "complain"], "last": ["fast"], "line": ["mine"], "removed": ["beloved"], "true": ["you"], "eat": ["meat"], "glad": ["sad"], "had": ["bad"], "me": ["thee", "be", "ye", "fee", "free", "she", "see", "degree"], "loved": ["proved"], "none": ["alone"], "made": ["fade"], "sheds": ["deeds"], "look": ["book"], "prey": ["say"], "this": ["kiss", "bliss"], "fade": ["made"], "soul": ["control"], "bee": ["see"], "will": ["ill", "still"], "matter": ["flatter"], "remain": ["twain", "pain", "vain"], "taught": ["ought"], "store": ["yore"], "praise": ["days", "bays"], "monument": ["spent"], "wild": ["beguiled"], "meet": ["sweet"], "agree": ["see"], "complain": ["gain"], "control": ["soul"], "heart": ["art", "part"], "compare": ["rare"], "proved": ["loved"], "grace": ["space"], "then": ["men"], "devise": ["eyes"], "well": ["sell", "hell", "spell"], "blest": ["rest"], "mind": ["find", "behind", "blind", "kind"], "mine": ["line"], "accept": ["kept"], "sad": ["glad"], "death": ["see"], "say": ["pay", "prey"], "embrace": ["chace"], "arise": ["eyes"], "need": ["indeed"], "seen": ["green"], "sits": ["commits"], "proceeds": ["deeds"], "greater": ["her"], "sell": ["well"], "again": ["slain"], "end": ["friend"], "sit": ["it"], "pay": ["say"], "make": ["take"], "belong": ["wrong"], "breast": ["best", "rest"], "green": ["seen"], "repent": ["lent"], "chace": ["embrace"], "how": ["now"], "book": ["look"], "take": ["make"], "so": ["know", "woe", "grow"], "you": ["new", "untrue", "true"], "wonder": ["thunder"], "smell": ["excel"], "sin": ["begin"], "life": ["knife"], "play": ["away"], "used": ["abused"], "pain": ["slain", "gain", "remain", "bane"], "tried": ["pride"], "ye": ["me"], "fed": ["spread"], "effect": ["respect"], "rain": ["entertain", "sustain"], "hand": ["stand"], "delight": ["sight", "sprite"], "wrong": ["young", "belong"], "curse": ["worse"], "blood": ["good"], "lent": ["repent"], "date": ["prognosticate"], "cleared": ["cheered"], "grow": ["show", "so"], "shamed": ["named"], "night": ["bright"], "reward": ["prepared"], "kept": ["accept"], "longer": ["stronger"], "i": ["be", "destroy"], "fee": ["me"], "bred": ["dead"], "stronger": ["longer"], "spent": ["monument", "content"], "cheer": ["near"], "edge": ["privilege"], "writ": ["wit"], "time": ["rhyme", "crime", "prime"], "toil": ["spoil"], "pleasure": ["treasure"], "erred": ["transferred"], "away": ["day", "decay", "play"], "wind": ["find"], "laws": ["cause"]}