{"all": ["call", "thrall"], "pervert": ["start"], "chain": ["restrain"], "depends": ["amends"], "hooks": ["looks"], "lack": ["black"], "bear": ["wear", "swear", "were"], "invent": ["excellent"], "unrest": ["expressed", "fire"], "mile": ["beguile"], "astray": ["way", "dismay"], "go": ["grow", "know"], "appetite": ["might"], "ruminate": ["state"], "hate": ["advocate", "accumulate", "state"], "content": ["ornament"], "hold": ["bold", "untold"], "uphold": ["cold"], "confounds": ["sounds"], "send": ["offend", "blend"], "amaze": ["gaze"], "praised": ["raised"], "obstinate": ["desolate"], "smile": ["beguile"], "pride": ["hide", "aside", "ride", "chide", "beside", "eyed", "side", "envied", "abide", "glide", "applied"], "sway": ["day"], "worth": ["forth"], "humility": ["secretly"], "placed": ["taste", "debased"], "subtleties": ["lies"], "annoy": ["joy"], "assay": ["dismay"], "bowers": ["flowers"], "song": ["tongue", "long"], "dispense": ["sense"], "images": ["ages"], "rhyme": ["time"], "fleece": ["greece"], "strand": ["hand"], "entire": ["desire", "inspire"], "perceived": ["deceived"], "heaven": ["even"], "level": ["bevel"], "iniquity": ["antiquity"], "die": ["memory", "eye", "lie", "dignity", "pacify"], "leave": ["deceive"], "sang": ["hang"], "race": ["pace"], "plain": ["entertain", "sustain"], "mistaking": ["making"], "round": ["ground", "redound"], "unaware": ["compare"], "work": ["lurk"], "force": ["horse"], "tired": ["expired"], "direct": ["object"], "past": ["waste", "haste", "last"], "amiss": ["is"], "crave": ["slave"], "plead": ["read"], "idolatry": ["be"], "quill": ["still", "fill"], "even": ["heaven"], "compile": ["style", "awhile"], "sue": ["you"], "hide": ["side", "pride", "abide", "tried", "hide"], "appear": ["year", "where", "cheer", "were", "peer"], "sun": ["done", "dun"], "sum": ["come"], "expressed": ["breast", "unrest"], "rotten": ["forgotten"], "suspect": ["defect"], "above": ["prove"], "new": ["view", "true", "you"], "net": ["get"], "ever": ["sever"], "unkind": ["find"], "told": ["old", "cold", "gold"], "dwells": ["smells"], "deemed": ["esteemed"], "unsure": ["endure"], "gained": ["maintained"], "men": ["pen"], "hours": ["showers"], "desired": ["admired"], "mew": ["hue"], "entertain": ["train", "again", "plain"], "poverty": ["injury"], "meet": ["sweet"], "alone": ["gone", "one", "groan"], "sing": ["ordering", "bring"], "strong": ["belong", "wrong"], "change": ["strange"], "extreme": ["dream"], "convert": ["art", "heart"], "heretofore": ["sore"], "boast": ["most", "ghost", "costs", "tossed"], "enmity": ["posterity"], "bow": ["now"], "survey": ["key", "decay"], "smoke": ["cloak"], "defeat": ["great"], "climb": ["slime"], "honor": ["banner"], "swearing": ["bearing"], "stained": ["reigned"], "love": ["prove", "move", "remove"], "admired": ["desired"], "forbid": ["hid"], "win": ["within", "sin"], "brought": ["thought"], "tendered": ["remembered"], "wit": ["knit", "writ", "fit", "it"], "apply": ["mollify", "malady"], "glance": ["trance"], "sky": ["high", "mortality"], "plot": ["not"], "use": ["excuse", "muse", "abuse"], "eye": ["majesty", "die", "alchemy", "remedy", "spy", "cry"], "proceed": ["seed"], "prove": ["love", "above"], "sake": ["awake", "take", "make", "partake"], "contains": ["pains"], "live": ["give", "achieve"], "call": ["all"], "memory": ["die", "fortify", "eternity"], "bliss": ["is", "this", "sacrifice"], "injury": ["poverty"], "brow": ["now", "allow", "mow"], "more": ["store", "before", "score", "abhor"], "dismay": ["may", "away", "spray", "assay", "astray"], "knows": ["foes"], "wary": ["chary"], "afford": ["word"], "inclined": ["find", "mind"], "foregone": ["moan"], "heir": ["fair"], "about": ["out"], "muse": ["use"], "grief": ["relief", "thief", "chief", "life"], "excuse": ["use"], "train": ["entertain"], "everywhere": ["year", "there"], "sting": ["spring"], "excellent": ["invent", "ornament"], "sit": ["it"], "gladly": ["sadly"], "ward": ["guard"], "doom": ["room", "come"], "me": ["thee", "be", "see"], "none": ["stone"], "word": ["afford"], "room": ["doom"], "hour": ["flower"], "this": ["is", "bliss"], "car": ["are"], "ride": ["pride"], "spill": ["still", "kill", "will"], "soul": ["control"], "pour": ["floor"], "purge": ["urge"], "remain": ["twain", "brain", "pain"], "can": ["man"], "praise": ["days", "decays", "raise"], "growing": ["knowing"], "making": ["mistaking"], "laughter": ["water"], "befits": ["commits"], "complain": ["pain"], "breeds": ["deeds"], "control": ["soul"], "heart": ["part", "art", "depart", "dart", "convert", "smart", "start"], "compare": ["dare", "fair", "unaware"], "grace": ["place", "face", "embrace", "deface"], "give": ["live"], "unjust": ["trust"], "conspire": ["fire"], "high": ["sky"], "sphere": ["year"], "bend": ["attend"], "sense": ["commence", "dispense"], "sought": ["thought"], "paws": ["jaws"], "needs": ["exceeds"], "end": ["spend", "contend", "friend", "fiend"], "keen": ["unseen"], "provide": ["chide"], "get": ["net"], "feature": ["creature"], "write": ["bright", "might"], "swear": ["bear"], "gate": ["state", "date", "dilate"], "chase": ["place"], "sin": ["win"], "dignified": ["dyed"], "creature": ["feature"], "mould": ["behold"], "simplicity": ["authority"], "tried": ["hide"], "attend": ["bend"], "may": ["day", "dismay", "display"], "lurk": ["work"], "sacrifice": ["bliss"], "tresses": ["dresses"], "wrong": ["tongue", "strong"], "abuse": ["use"], "blood": ["brood", "good"], "water": ["laughter"], "date": ["temperate", "expiate", "gate"], "partake": ["sake"], "tongue": ["song", "wrong"], "fray": ["prey"], "man": ["can"], "temperate": ["date"], "light": ["sight", "fight", "might", "sprite", "quite", "delight", "night"], "register": ["character"], "shore": ["before"], "so": ["show", "woe"], "dread": ["dead"], "allow": ["brow"], "offend": ["send"], "pleasure": ["treasure", "leisure", "be"], "cruelties": ["lies"], "dream": ["extreme"], "amis": ["is"], "nearly": ["dearly"], "determinate": ["estimate"], "untold": ["hold"], "shield": ["field"], "mute": ["impute", "fruit"], "attain": ["constrain"], "indeed": ["read"], "flowers": ["bowers"], "move": ["love", "hove"], "displayed": ["displayed"], "thrall": ["perpetual", "all"], "held": ["field"], "beguile": ["spoil", "smile", "mile"], "fortify": ["memory"], "looks": ["hooks"], "shake": ["make"], "hell": ["tell"], "cold": ["uphold", "behold", "old", "told"], "still": ["quill", "will", "ill", "spill"], "ivory": ["royalty"], "wrought": ["thought"], "before": ["more", "shore", "store"], "style": ["compile"], "derive": ["thrive"], "glide": ["pride"], "decay": ["day", "stay", "way", "away", "clay", "survey"], "pray": ["day", "away"], "banner": ["honor"], "torn": ["forsworn"], "deeds": ["weeds", "breeds"], "ensue": ["anew"], "crew": ["due"], "better": ["greater"], "resort": ["sport"], "dross": ["loss"], "strange": ["change"], "restrain": ["chain"], "fade": ["shade", "made"], "weeks": ["cheeks"], "bereft": ["left"], "good": ["blood"], "halt": ["fault"], "press": ["express"], "thee": ["see", "posterity", "me", "be", "free", "treasure"], "bound": ["wound"], "bane": ["pain"], "they": ["say"], "weeds": ["deeds"], "accumulate": ["hate"], "now": ["brow", "bow", "bough"], "day": ["way", "decay", "may", "stay", "repay", "away", "sway", "pray"], "name": ["shame", "fame"], "eloquence": ["recompense"], "tear": ["wear"], "slide": ["abide"], "truth": ["youth"], "veins": ["gains"], "found": ["ground", "around"], "side": ["hide", "pride"], "luck": ["pluck"], "bends": ["friends"], "jaws": ["paws"], "oppressed": ["rest"], "decays": ["praise"], "begun": ["spun", "run"], "year": ["appear", "everywhere", "sphere"], "array": ["gay"], "out": ["about"], "contend": ["end"], "respects": ["defects"], "decree": ["be"], "flower": ["power", "hour"], "beauty": ["duty"], "open": ["broken"], "haste": ["past"], "sufficed": ["despised"], "abide": ["slide", "pride", "hide"], "increase": ["decease"], "mate": ["late"], "clatter": ["flatter"], "wide": ["guide"], "paradise": ["vice"], "got": ["blot", "not"], "forth": ["worth"], "sympathized": ["devised"], "red": ["head"], "shows": ["grows"], "perish": ["cherish"], "assured": ["cured", "allured"], "commits": ["befits"], "free": ["legacy", "thee"], "quite": ["fight", "recite", "light"], "qualify": ["lie"], "tied": ["bide"], "plea": ["sea"], "thrust": ["trust"], "crowned": ["sounded"], "estimate": ["determinate"], "knit": ["wit"], "care": ["are", "hair"], "thrown": ["one"], "cured": ["assured"], "her": ["tender"], "created": ["defeated"], "argument": ["spent"], "days": ["praise"], "keep": ["asleep"], "thing": ["spring"], "thine": ["mine"], "place": ["deface", "grace", "face", "case", "chase", "apace"], "recompense": ["eloquence"], "envied": ["pride"], "aspire": ["inquire", "admire"], "deceived": ["perceived"], "think": ["drink"], "mad": ["bad"], "recite": ["quite"], "feel": ["steel"], "possessing": ["releasing"], "one": ["alone", "thrown"], "fits": ["hits"], "enlarged": ["charged"], "set": ["debt"], "done": ["sun"], "defects": ["respects"], "another": ["mother"], "sounds": ["confounds"], "reigned": ["stained"], "quality": ["astronomy"], "affords": ["words"], "moan": ["foregone", "gone"], "horse": ["force"], "long": ["song"], "sadly": ["gladly"], "guest": ["breast"], "start": ["pervert", "heart"], "ordering": ["sing"], "breed": ["feed"], "grow": ["go"], "too": ["do"], "pains": ["contains"], "dwell": ["excel", "bell", "tell"], "white": ["night", "delight"], "jade": ["made"], "store": ["more", "before"], "wonderment": ["astonishment", "complement", "monument"], "back": ["wrack"], "hue": ["mew"], "eyes": ["cries", "prophecies", "lies", "despise", "enemies"], "stars": ["bars"], "behind": ["kind"], "cup": ["up"], "cheer": ["appear"], "took": ["look"], "part": ["heart", "art", "desert"], "eyed": ["pride"], "flattery": ["alchemy"], "commence": ["sense"], "blind": ["mind"], "steel": ["feel"], "king": ["spring"], "kind": ["mind", "behind"], "grew": ["you"], "mortality": ["sky"], "require": ["desire"], "tree": ["fly"], "writ": ["wit"], "bed": ["head", "shed"], "youth": ["truth"], "gall": ["shall"], "allure": ["endure"], "friend": ["lend", "end", "fiend"], "lover": ["cover"], "asleep": ["steep", "keep"], "steep": ["asleep"], "expiate": ["date"], "malady": ["apply"], "fashion": ["passion"], "slay": ["play"], "correction": ["infection"], "mind": ["kind", "find", "blind", "inclined", "designed", "hind"], "antiquity": ["iniquity"], "glass": ["was"], "say": ["way", "they"], "seed": ["proceed"], "buried": ["dead"], "showers": ["hours"], "foiled": ["toiled"], "need": ["speed", "exceed"], "seen": ["green", "been"], "seem": ["deem", "esteem"], "admire": ["fire", "desire", "aspire"], "any": ["many"], "contents": ["monuments"], "she": ["see"], "lie": ["by", "die", "qualify", "why", "defy"], "afraid": ["dismayed"], "trance": ["glance"], "bough": ["now", "rough", "vow"], "chief": ["grief"], "note": ["dote"], "sound": ["ground"], "chest": ["breast"], "take": ["make", "sake", "awake"], "deprave": ["gave"], "green": ["seen"], "chary": ["wary"], "urge": ["purge"], "begin": ["within"], "pain": ["disdain", "remain", "complain", "bane"], "shade": ["fade", "made"], "shall": ["gall"], "dearer": ["clearer"], "object": ["direct"], "clearer": ["dearer"], "most": ["boast"], "device": ["ice"], "expired": ["tired"], "why": ["lie"], "briar": ["near"], "constancy": ["see"], "clear": ["where"], "bred": ["fed", "head"], "cover": ["lover"], "disease": ["please"], "face": ["place", "grace"], "clean": ["mean"], "constrain": ["attain"], "charged": ["enlarged"], "blend": ["send"], "gain": ["twain", "vain"], "deface": ["place", "grace"], "despise": ["eyes"], "inspire": ["entire"], "gold": ["told"], "show": ["know", "so", "slow"], "please": ["disease", "ease"], "sent": ["spent"], "merit": ["spirit"], "bring": ["sing"], "bright": ["write", "night", "delight"], "liberty": ["fly"], "earth": ["dearth"], "rough": ["bough"], "fine": ["eglantine"], "find": ["mind", "inclined", "unkind"], "ground": ["found", "sound", "round"], "apace": ["place"], "slow": ["show"], "deserts": ["parts"], "spite": ["delight", "might"], "treasure": ["pleasure", "thee"], "cloak": ["smoke"], "crime": ["time"], "tears": ["fears", "clears"], "black": ["lack"], "betray": ["away"], "fiend": ["friend", "end"], "mend": ["commend", "tend"], "achieve": ["live", "deprive"], "spun": ["begun"], "do": ["too", "to"], "his": ["is"], "gains": ["veins"], "forsworn": ["born", "scorn", "torn"], "monuments": ["contents"], "beat": ["heat"], "compiled": ["filed"], "express": ["press"], "leisure": ["pleasure"], "woe": ["so"], "remedy": ["eye", "by"], "hid": ["forbid"], "breast": ["expressed", "chest", "guest", "best", "desire"], "words": ["affords"], "trade": ["made"], "chips": ["lips"], "him": ["trim"], "prime": ["time"], "heretic": ["politic"], "bar": ["war"], "brain": ["contain", "remain"], "floods": ["goods"], "cry": ["eye"], "remove": ["love"], "bad": ["mad"], "feed": ["breed"], "forsake": ["make"], "contain": ["brain"], "release": ["cease"], "enclose": ["rose"], "where": ["clear", "appear"], "anticipate": ["state"], "view": ["new", "due", "true", "you"], "bars": ["stars"], "untrue": ["you"], "art": ["depart", "convert", "heart", "part", "dart"], "fair": ["repair", "air", "heir", "despair", "compare"], "seas": ["ease"], "intelligence": ["thence"], "frame": ["same"], "around": ["found"], "see": ["thee", "be", "constancy", "she", "me"], "legacy": ["free"], "dumb": ["tomb"], "are": ["car", "prepare", "care", "stare"], "sea": ["plea"], "greece": ["fleece"], "tender": ["her"], "sport": ["resort"], "allured": ["assured"], "skill": ["ill", "fill", "will"], "best": ["breast"], "said": ["allayed"], "morn": ["scorn"], "mine": ["thine", "shine"], "forlorn": ["scorn"], "away": ["decay", "stay", "betray", "day", "dismay", "ray", "pray", "prey"], "afloat": ["boat"], "ornament": ["content", "instrument", "excellent"], "sadness": ["madness"], "tend": ["lend", "spend", "mend"], "mud": ["bud"], "state": ["fate", "gate", "ruminate", "translate", "anticipate", "hate", "gait"], "score": ["more"], "scorn": ["forsworn", "forlorn", "morn"], "secretly": ["humility"], "ire": ["desire", "fire"], "thrive": ["derive"], "endure": ["unsure", "allure"], "knowing": ["growing"], "extend": ["spend"], "joy": ["annoy"], "complement": ["wonderment"], "were": ["appear", "bear"], "weak": ["speak"], "pluck": ["luck"], "blame": ["shame"], "spray": ["dismay"], "brood": ["blood"], "wear": ["bear", "tear"], "key": ["survey"], "spark": ["mark"], "debt": ["set"], "come": ["tomb", "sum", "doom"], "both": ["growth"], "hits": ["fits"], "last": ["taste", "past"], "fit": ["smit", "wit"], "disdain": ["pain", "vain"], "many": ["any"], "ill": ["will", "skill", "fill", "still"], "thence": ["intelligence"], "minds": ["finds"], "display": ["may", "way"], "fulfilled": ["skilled"], "forgotten": ["rotten"], "exceeds": ["needs"], "canopy": ["eternity"], "finds": ["minds"], "comment": ["moment"], "madness": ["sadness"], "spoil": ["toil", "beguile"], "majesty": ["eye"], "bell": ["dwell"], "sweet": ["meet"], "vain": ["gain", "disdain", "again"], "address": ["peace"], "smother": ["other"], "dispatch": ["catch"], "commend": ["mend"], "maintained": ["gained"], "beguiled": ["child"], "respect": ["aspect", "defect"], "trust": ["thrust", "lust", "unjust"], "boat": ["afloat"], "speak": ["weak", "break"], "late": ["mate"], "ease": ["seas", "appease", "please"], "raise": ["praise"], "dun": ["sun"], "instrument": ["ornament"], "deceive": ["leave"], "alchemy": ["eye", "flattery"], "been": ["seen"], "mark": ["spark"], "twain": ["remain", "gain"], "subscribes": ["tribes"], "gaze": ["amaze"], "interest": ["arrest"], "waste": ["past", "taste"], "life": ["wife", "knife", "strife", "grief"], "sprite": ["delight", "light"], "gay": ["array"], "foes": ["knows"], "fire": ["desire", "expire", "admire", "conspire", "ire", "unrest"], "ages": ["images"], "designed": ["mind"], "releasing": ["possessing"], "great": ["defeat"], "defect": ["suspect", "respect"], "awake": ["sake", "take"], "dote": ["note"], "child": ["beguiled"], "catch": ["dispatch"], "spirit": ["merit"], "those": ["suppose", "rose", "grows"], "case": ["place"], "look": ["took", "brook"], "might": ["appetite", "write", "spite", "light", "sight", "delight"], "debased": ["placed"], "air": ["fair"], "will": ["ill", "still", "skill", "spill"], "pace": ["race"], "near": ["there", "dear", "briar"], "suppose": ["those"], "fault": ["halt"], "aid": ["decayed"], "guide": ["wide"], "kindness": ["blindness"], "have": ["gave"], "is": ["amis", "his", "this", "amiss", "bliss"], "it": ["it", "sit", "wit"], "defeated": ["created"], "lust": ["trust"], "shame": ["name", "blame"], "vow": ["bough"], "embrace": ["grace"], "sits": ["wits"], "fame": ["name"], "sever": ["ever"], "greater": ["better"], "spy": ["eye"], "dilate": ["gate"], "inquire": ["expire", "aspire"], "things": ["wings", "sings"], "make": ["forsake", "take", "sake", "shake", "wrack", "make"], "belong": ["strong"], "wound": ["bound"], "cross": ["loss"], "same": ["frame"], "beside": ["pride"], "parts": ["deserts", "hearts"], "bands": ["hands"], "esteemed": ["deemed"], "ray": ["away"], "grows": ["shows", "those"], "wings": ["things"], "slave": ["crave"], "toil": ["spoil"], "sings": ["things"], "skilled": ["fulfilled"], "defy": ["lie"], "drink": ["think"], "hang": ["sang"], "kill": ["spill"], "hand": ["stand", "brand", "understand", "strand"], "delight": ["spite", "sight", "white", "night", "sprite", "light", "might", "bright"], "moment": ["comment"], "fruit": ["mute"], "moving": ["loving"], "prey": ["fray", "away"], "weave": ["receive"], "break": ["speak"], "well": ["tell", "fell"], "spent": ["argument", "sent", "relent"], "grind": ["confined"], "thought": ["sought", "brought", "wrought"], "amends": ["depends"], "costs": ["boast"], "relief": ["grief"], "mother": ["another"], "clears": ["tears"], "hearts": ["parts"], "arising": ["despising"], "spend": ["lend", "end", "tend", "extend"], "left": ["bereft"], "duty": ["beauty"], "desolate": ["obstinate"], "appease": ["ease"], "being": ["seeing"], "fears": ["tears"], "hands": ["bands"], "slime": ["climb"], "rest": ["oppressed"], "aside": ["pride"], "cries": ["eyes"], "cease": ["release"], "disperse": ["verse"], "aspect": ["respect"], "depart": ["art", "heart"], "plight": ["night"], "speed": ["need"], "injuries": ["enemies"], "to": ["do"], "bearing": ["swearing"], "blot": ["got"], "field": ["held", "shield"], "rose": ["enclose", "those"], "decayed": ["aid"], "character": ["register"], "fled": ["dead", "head"], "arrest": ["interest"], "verse": ["rehearse", "disperse"], "astonishment": ["wonderment"], "hind": ["mind"], "smart": ["heart"], "gave": ["deprave", "have"], "desire": ["fire", "require", "admire", "entire", "ire", "breast"], "fly": ["tree", "liberty", "tie"], "frown": ["down"], "fate": ["state"], "dignity": ["die"], "read": ["indeed", "plead"], "devised": ["sympathized"], "advocate": ["hate"], "mow": ["brow"], "dart": ["heart", "art"], "royalty": ["ivory"], "know": ["show", "go"], "unseen": ["keen"], "dearly": ["nearly"], "confined": ["grind"], "world": ["enrolled"], "you": ["untrue", "new", "grew", "true", "view", "sue", "rue"], "dare": ["compare"], "painted": ["acquainted"], "loss": ["cross", "dross"], "acquainted": ["painted"], "redound": ["round"], "perpetual": ["thrall"], "strife": ["life"], "night": ["white", "sight", "plight", "bright", "delight", "light"], "tribes": ["subscribes"], "page": ["age"], "decease": ["increase"], "exceed": ["need"], "right": ["sight"], "old": ["behold", "cold", "told"], "spring": ["thing", "king", "sting"], "peer": ["appear"], "thief": ["grief"], "authority": ["simplicity"], "hair": ["care"], "born": ["forsworn"], "lips": ["chips"], "growth": ["both"], "sight": ["light", "night", "right", "delight", "might"], "dear": ["there", "near"], "enemies": ["injuries", "eyes"], "mood": ["proud"], "rehearse": ["verse"], "ice": ["device"], "foe": ["forgo"], "pen": ["men"], "sustain": ["plain"], "passion": ["fashion"], "knife": ["life"], "be": ["see", "thee", "me", "decree", "idolatry", "pleasure", "agree"], "run": ["begun"], "bold": ["hold"], "power": ["flower"], "remembered": ["dead", "tendered"], "clay": ["decay"], "fed": ["bred"], "rue": ["you"], "broken": ["open"], "expire": ["fire", "inquire"], "posterity": ["thee", "enmity", "eternity"], "eglantine": ["fine"], "by": ["lie", "remedy"], "stage": ["rage"], "shine": ["mine"], "on": ["groan"], "stone": ["none"], "goods": ["floods"], "despair": ["breath", "fair"], "stand": ["hand"], "cherish": ["perish"], "tomb": ["come", "dumb"], "mean": ["clean"], "brook": ["look"], "repair": ["fair"], "raised": ["praised"], "own": ["shown"], "within": ["win", "begin"], "shed": ["bed"], "due": ["view", "true", "crew"], "down": ["frown"], "lies": ["eyes", "subtleties", "cruelties"], "guard": ["ward"], "wrack": ["make", "back"], "esteem": ["seem"], "relent": ["spent"], "smells": ["dwells"], "stare": ["are"], "breath": ["despair"], "despised": ["sufficed"], "prepare": ["are"], "friends": ["bends"], "there": ["everywhere", "dear", "near"], "chide": ["pride", "provide"], "fight": ["quite", "light"], "cheeks": ["weeks"], "way": ["day", "decay", "stay", "say", "astray", "display"], "flatter": ["clatter"], "mollify": ["apply"], "translate": ["state"], "was": ["glass"], "war": ["bar"], "head": ["bed", "red", "fled", "bred"], "groan": ["on", "alone"], "wits": ["sits"], "brand": ["hand"], "sore": ["heretofore"], "gait": ["state"], "prophecies": ["eyes"], "shroud": ["proud"], "heat": ["beat"], "dead": ["buried", "fled", "remembered", "dread"], "filed": ["compiled"], "blindness": ["kindness"], "true": ["new", "you", "anew", "view", "due"], "bud": ["mud"], "bevel": ["level"], "made": ["shade", "jade", "fade", "trade"], "tossed": ["boast"], "rage": ["age", "stage"], "vice": ["paradise"], "up": ["cup"], "tell": ["dwell", "well", "hell"], "politic": ["heretic"], "cruel": ["jewel"], "impute": ["mute"], "anew": ["true", "ensue"], "monument": ["wonderment"], "bide": ["tied"], "loving": ["moving"], "agree": ["be"], "trim": ["him"], "gone": ["alone", "moan"], "proud": ["mood", "shroud"], "play": ["slay", "stay"], "taste": ["waste", "last", "placed"], "allayed": ["said"], "dearth": ["earth"], "deprive": ["achieve"], "toiled": ["foiled"], "deem": ["seem"], "awhile": ["compile"], "fill": ["ill", "skill", "quill"], "again": ["entertain", "vain"], "receive": ["weave"], "floor": ["pour"], "not": ["plot", "forgot", "got"], "peace": ["address"], "excel": ["dwell"], "despising": ["arising"], "forgo": ["foe"], "other": ["smother"], "hove": ["move"], "tie": ["fly"], "behold": ["old", "cold", "mould"], "dismayed": ["afraid"], "dresses": ["tresses"], "eternity": ["memory", "canopy", "posterity"], "lend": ["spend", "tend", "friend"], "enrolled": ["world"], "forgot": ["not"], "shown": ["own"], "stay": ["decay", "day", "way", "away", "play"], "fell": ["well"], "infection": ["correction"], "pacify": ["die"], "astronomy": ["quality"], "seeing": ["being"], "desert": ["part"], "ghost": ["boast"], "smit": ["fit"], "wife": ["life"], "age": ["rage", "page"], "jewel": ["cruel"], "dyed": ["dignified"], "sounded": ["crowned"], "repay": ["day"], "time": ["prime", "rhyme", "crime"], "understand": ["hand"], "applied": ["pride"], "abhor": ["more"]}