thee,and,grave,the,by,due,world's,the,eat,to
be,glutton,this,else,or,world,the,pity
cold,it,feel'st,thou,when,warm,blood,thy,see,and
old,art,thou,when,made,new,be,to,were,this
thee,with,dies,image,thine,and,single,die
be,to,not,remembered,live,thou,if,but
be,to,executor,th,lives,used,which
thee,with,tombed,be,must,beauty,unused,thy
sweet,lives,still,substance,their,show,their,but,leese
meet,winter,with,they,though,distilled,flowers,but
heir,thine,worms,make,and,conquest,death's,be,to
fair,too,much,art,thou,for,self-willed,not,be
son,a,get,thou,unless,diest,on,unlooked
noon,thy,in,out-going,self,thy,thou,so
.,none,prove,wilt,single,'thou,thee,to,this,sings
one,seeming,many,being,song,speechless,whose
commits,shame,murd'rous,such,himself,on,that
sits,bosom,that,in,others,toward,love,no
thee,or,thine,in,live,may,still,beauty,that
me,of,love,for,self,another,thee,make
die,copy,that,let,not,more,print,shouldst,thou
thereby,meant,and,seal,her,for,thee,carved,she
hence,thee,takes,he,when,him,brave,to,breed,save
defence,make,can,scythe,time's,'gainst,nothing,and
so,say,son,your,let,father,a,had,you
know,you,love,my,dear,unthrifts,but,none,o
date,and,doom,beauty's,and,truth's,is,end,thy
prognosticate,i,this,thee,of,else,or
new,you,engraft,i,you,from,takes,he,as
you,of,love,for,time,with,war,in,all,and
skill,sweet,own,your,by,drawn,live,must,you,and
still,self,your,keeps,self,your,away,give,to
rhyme,my,in,and,it,in,twice,live,should,you
time,that,alive,yours,of,child,some,were,but
thee,to,life,gives,this,and,this,lives,long,so
see,can,eyes,or,breathe,can,men,as,long,so
young,live,ever,verse,my,in,shall,love,my
wrong,thy,despite,time,old,worst,thy,do,yet
treasure,their,use,love's,thy,and,love,thy,be,mine
pleasure,women's,for,out,thee,pricked,she,since,but
sell,to,not,purpose,that,praise,not,will,i
well,hearsay,of,like,that,more,say,them,let
again,back,give,to,not,thine,me,gav'st,thou
slain,is,mine,when,heart,thy,on,not,presume
wit,fine,love's,to,belongs,eyes,with,hear,to
writ,hath,love,silent,what,read,to,learn,o
heart,the,not,know,see,they,what,but,draw,they
art,their,grace,to,want,cunning,this,eyes,yet
removed,be,nor,remove,not,may,i,where
beloved,am,and,love,that,i,happy,then
me,prove,mayst,thou,where,head,my,show,not,then,till
thee,love,do,i,how,boast,to,dare,i,may,then
find,quiet,no,self,my,for,and,thee,for
mind,my,night,by,limbs,my,day,by,thus,lo
stronger,seem,length,grief's,make,nightly,doth,night,and
longer,sorrows,my,draw,daily,doth,day,but
kings,with,state,my,change,to,scorn,i,then,that
brings,wealth,such,remembered,love,sweet,thy,for
end,sorrows,and,restored,are,losses,all
friend,dear,thee,on,think,i,while,the,if,but
me,of,all,the,all,hast,they,all,thou,and
thee,in,view,i,loved,i,images,their
.,love,his,for,his,read,'ll,i,style,their,for,theirs
prove,better,poets,and,died,he,since,but
staineth,sun,heaven's,when,stain,may,world,the,of,suns
disdaineth,whit,no,love,my,this,for,him,yet
deeds,ill,all,ransom,and,rich,are,they,and
sheds,love,thy,which,pearl,are,tears,those,but,ah
me,from,robs,sourly,which,thief,sweet,that,to
be,must,needs,accessary,an,i,that
report,good,thy,is,mine,mine,being,thou,as
sort,such,in,thee,love,i,so,not,do,but
me,happy,times,ten,then,have,i,wish,this
thee,in,wish,i,best,that,best,is,what,look
praise,the,be,shall,thine,but,mine,be,pain,the
days,curious,these,please,do,muse,slight,my,if
remain,hence,doth,who,here,him,praising,by
twain,one,make,to,how,teachest,thou,that,and
foes,be,not,must,we,yet,spites,with,me,kill
shows,well,ill,all,whom,in,grace,lascivious
me,to,false,being,beauty,thy,by,thine
thee,to,her,tempting,beauty,thy,by,hers
alone,me,but,loves,she,then,flattery,sweet
one,are,i,and,friend,my,joy,the,here's,but
me,thee,show,do,dreams,when,days,bright,nights,and
thee,see,i,till,see,to,nights,are,days,all
woe,either's,of,badges,tears,heavy,but
slow,so,elements,by,nought,receiving
sad,grow,straight,and,again,back,them,send,i
glad,longer,no,then,but,joy,i,told,this
heart,of,love,inward,thy,right,heart's,my,and
part,outward,thy,is,due,eye's,mine,thus,as
delight,eye's,and,heart's,to,heart,my,awakes
sight,my,in,picture,thy,sleep,they,if,or
dear,so,prize,a,for,thievish,proves,truth,for
fear,i,stol'n,be,wilt,thou,thence,even,and
cause,no,allege,can,i,love,to,why,since
laws,of,strength,the,hast,thou,me,poor,leave,to
behind,joy,my,and,onward,lies,grief,my
mind,my,in,this,put,doth,groan,same,that,for
go,to,leave,him,give,and,run,'ll,i,thee,towards
wilful-slow,went,he,going,thee,from,since
hope,to,lacked,being,triumph,to,had,being
scope,gives,worthiness,whose,you,are,blessed
heart,constant,for,you,none,none,like,you,but
part,some,have,you,grace,external,all,in
truth,your,distills,verse,my,fade,shall,that,when
youth,lovely,and,beauteous,you,of,so,and
eyes,lovers,in,dwell,and,this,in,live,you
arise,self,your,that,judgment,the,till,so
rare,more,wished,more,thrice,welcome,summer's,makes
care,of,full,being,which,winter,it,call,or
ill,no,thinks,he,thing,any,do,you,though
will,your,in,that,love,is,fool,a,true,so
well,or,ill,it,be,pleasure,your,blame,not
hell,be,so,waiting,though,wait,to,am,i
praise,admiring,given,have,worse,subjects,to
days,former,of,wits,the,am,i,sure,o
hand,cruel,his,despite,worth,thy,praising
stand,shall,verse,my,hope,in,times,to,yet,and
near,too,all,others,with,off,far,me,from
elsewhere,wake,dost,thou,whilst,i,watch,thee,for
days,thy,of,beauty,with,age,my,painting
praise,i,self,my,for,that,self,my,thee,'tis
green,still,them,in,he,and,live,shall,they,and
seen,be,lines,black,these,in,shall,beauty,his
lose,to,fears,it,which,that,have,to,weep,but
choose,not,can,which,death,a,as,is,thought,this
bright,shine,still,may,love,my,ink,black,in,that
might,have,miracle,this,unless,none,o
alone,love,my,leave,i,die,to,that,save
gone,be,i,would,these,from,these,all,with,tired
bad,so,last,these,before,since,long,days,in
had,she,wealth,what,show,to,stores,she,him,o
yore,of,was,beauty,what,art,false,show,to
store,nature,doth,map,a,for,as,him,and
grow,common,dost,thou,that,this,is,soil,the
show,thy,not,matcheth,odour,thy,why,but
owe,shouldst,hearts,of,kingdoms,alone,thou,then
show,thy,not,masked,ill,of,suspect,some,if
gone,am,i,after,me,with,you,mock,and
moan,your,into,look,should,world,wise,the,lest
worth,nothing,things,love,to,you,should,so,and
forth,bring,i,which,that,by,shamed,am,i,for
long,ere,leave,must,thou,which,well,that,love,to
strong,more,love,thy,makes,which,perceiv'st,thou,this
remains,thee,with,this,and,this,is,that,and
contains,it,which,that,is,that,of,worth,the
away,all,or,all,on,gluttoning,or
day,by,day,surfeit,and,pine,i,do,thus
told,is,what,telling,still,love,my,is,so
old,and,new,daily,is,sun,the,as,for
book,thy,enrich,much,and,thee,profit,shall
look,wilt,thou,as,oft,so,offices,these
ignorance,rude,my,learning,as,high,as
advance,dost,and,art,my,all,art,thou,but
pay,dost,self,thy,thou,thee,owes,he,what,since
say,doth,he,which,that,for,not,him,thank,then
decay,my,was,love,my,this,was,worst,the
away,cast,be,i,and,thrive,he,if,then
men,of,mouths,the,in,even,breathes,most,breath,where
pen,my,hath,virtue,such,live,shall,still,you
abused,is,it,thee,in,blood,need,cheeks,where
used,better,be,might,painting,gross,their,and
devise,praise,in,can,poets,your,both,than
eyes,fair,your,of,one,in,life,more,lives,there
worse,praises,your,makes,which,praise,on,fond,being
curse,a,add,blessings,beauteous,your,to,you
effect,in,speaking,thoughts,dumb,my,for,me
respect,words,of,breath,the,for,others,then
mine,enfeebled,that,matter,i,lacked,then
line,his,up,filled,countenance,your,when,but
matter,such,no,waking,but,king,a,sleep,in
flatter,doth,dream,a,as,thee,had,i,have,thus
wrong,all,bear,will,self,my,right,thy,for,that
belong,so,i,thee,to,love,my,is,such
hate,dost,thou,whom,him,love,ne'er,must,i,for
debate,vow,'ll,i,self,my,against,thee,for
so,seem,not,will,thee,of,loss,with,compared
woe,seem,now,which,woe,of,strains,other,and
make,wretched,most,me,and,away,this,all
take,mayst,thou,that,alone,this,in,wretched
not,it,know,i,yet,and,false,be,mayst,thou
blot,no,fears,that,blessed-fair,so,what's,but
show,thy,not,answer,virtue,sweet,thy,if
grow,beauty,thy,doth,apple,eve's,like,how
weeds,than,worse,far,smell,fester,that,lilies
deeds,their,by,sourest,turn,things,sweetest,for
edge,his,lose,doth,ill-used,knife,hardest,the
privilege,large,this,of,heart,dear,heed,take
report,good,thy,is,mine,mine,being,thou,as
sort,such,in,thee,love,i,so,not,do,but
near,winter's,the,dreading,pale,look,leaves,that
cheer,a,dull,so,with,is,'t,sing,they,if,or
play,did,these,with,i,shadow,your,with,as
away,you,and,still,winter,it,seemed,yet

thee,from,stol'n,had,it,colour,or,sweet,but,see,could,none,i,yet,noted,i,flowers,more
death,to,up,him,eat,canker,vengeful,a
knife,crooked,and,scythe,his,prevent'st,thou,so
life,wastes,time,than,faster,fame,love,my,give
now,shows,he,as,hence,long,seem,him,make,to
how,thee,teach,i,muse,office,thy,do,then
song,my,with,you,dull,not,would,i,because
tongue,my,hold,sometime,i,her,like,therefore
it,in,look,you,when,you,shows,glass,own,your
sit,can,verse,my,in,than,more,much,more,and
dead,summer,beauty's,was,born,were,you,ere
unbred,age,thou,this,hear,which,of,fear,for
one,in,seat,kept,never,now,till,three,which
alone,lived,often,have,true,and,kind,fair
praise,to,tongues,lack,but,wonder,to,eyes,have
days,present,these,behold,now,which,we,for
spent,are,brass,of,tombs,and,crests,tyrants,when
monument,thy,find,shalt,this,in,thou,and
dead,it,show,would,form,outward,and,time,where
bred,there,love,of,conceit,first,the,finding
all,my,art,thou,it,in,rose,my,thou,save
call,i,universe,wide,this,nothing,for
breast,loving,most,most,and,pure,thy,to,even
best,the,heaven,my,next,welcome,me,give,then
me,cure,to,enough,is,pity,your,that,even
ye,assure,i,and,friend,dear,then,me,pity
dead,are,methinks,besides,world,the,all,that
bred,purpose,my,in,strongly,so,are,you
untrue,mine,maketh,thus,mind,true,most,my
you,with,replete,more,of,incapable
begin,first,doth,and,it,loves,eye,mine,that
sin,lesser,the,is,'t,poisoned,be,it,if
grow,doth,still,which,that,to,growth,full,give,to
so,say,not,i,might,then,babe,a,is,love
loved,ever,man,no,nor,writ,never,i
proved,me,upon,and,error,be,this,if
love,your,of,virtue,and,constancy,the
prove,to,strive,did,i,says,appeal,my,since
you,of,sick,feil,so,that,him,poison,drugs
true,lesson,the,find,and,learn,i,thence,but
spent,have,i,than,more,thrice,ills,by,gain,and
content,my,to,rebuked,return,i,so
me,ransom,must,yours,and,yours,ransoms,mine
fee,a,becomes,now,trespass,your,that,but
reign,badness,their,in,and,bad,are,men,all
maintain,they,evil,general,this,unless
me,in,forgetfulness,import,to,were
thee,remember,to,adjunct,an,keep,to
thee,and,scythe,thy,despite,true,be,will,i
be,ever,shall,this,and,vow,do,i,this
crime,for,lived,have,who,goodness,for,die,which
time,of,fools,the,call,witness,i,this,to
control,thy,in,least,stands,impeached,most,when
soul,true,a,informer,suborned,thou,hence

so,look,should,beauty,says,tongue,every,that
woe,their,of,becoming,mourn,they,so,yet
kiss,to,lips,thy,me,fingers,thy,them,give
this,in,are,happy,so,jacks,saucy,since
hell,this,to,men,leads,that,heaven,the,shun,to
well,knows,none,yet,knows,well,world,the,this,all
compare,false,with,belied,she,any,as
rare,as,love,my,think,i,heaven,by,yet,and
proceeds,think,i,as,slander,this,thence,and
deeds,thy,in,save,black,thou,art,nothing,in
lack,complexion,thy,that,foul,they,all,and
black,is,herself,beauty,swear,i,will,then
me,in,is,that,all,and,thine,am,perforce
thee,in,pent,being,i,for,wilt,thou,yet,and
free,not,i,am,yet,and,whole,the,pays,he
me,and,him,both,hast,thou,lost,i,have,him
','will,one,that,in,me,and,one,but,all,think
kill,beseechers,fair,no,unkind,no,let
will,is,name,my,for,me,lov'st,thou,then,and
still,that,love,and,love,thy,name,my,but,make
transferred,now,they,are,plague,false,this,to,and
erred,have,eyes,and,heart,my,true,right,things,in
be,flattered,we,lies,by,faults,our,in,and
me,with,she,and,her,with,lie,i,therefore
pain,my,rid,and,looks,with,outright,me,kill
slain,near,am,i,since,but,so,not,do,yet
wide,go,heart,proud,thy,though,straight,eyes,thine,bear
belied,thou,nor,so,be,not,may,i,that
pain,me,awards,sin,me,makes,that,she,that
gain,my,count,i,far,thus,plague,my,only
denied,be,thou,mayst,self-example,by
hide,dost,thou,what,have,to,seek,dost,thou,if
still,crying,loud,my,and,back,turn,thou,if
will,thy,have,mayst,thou,that,pray,i,will,so
out,one,good,my,fire,angel,bad,my,till
doubt,in,live,but,know,ne'er,i,shall,this,yet
.,you,'not,saying,life,my,saved,and
,,threw,she,away,hate,from,hate,'i
then,dying,more,no,there's,dead,once,death,and
men,on,feeds,that,death,on,feed,thou,shall,so
night,as,dark,as,hell,as,black,as,art,who
bright,thee,thought,and,fair,thee,sworn,have,i,for
find,should,faults,foul,thy,well-seeing,eyes,lest
blind,me,keep'st,thou,tears,with,love,cunning,o
blind,am,i,and,lov'st,thou,see,can,that,those
mind,thy,know,i,now,for,on,hate,love,but
thee,of,beloved,be,to,i,worthy,more
me,in,love,raised,unworthiness,thy,if
fall,and,rise,i,love,dear,whose,for,love,her
call,i,that,it,hold,conscience,of,want,no
be,a,foul,so,truth,the,against,swear,to
i,perjured,more,fair,thee,sworn,have,i,for
eyes,mistress,my,fire,new,got,cupid,where
lies,help,my,for,bath,the,cure,no,found,but
none,other,for,care,i,please,ye,if,whom
alone,please,to,her,seek,rhymes,and,lines,leaves
perish,will,thee,with,i,and,soon,die,not,if
cherish,love,my,and,live,then,grant,she,if,which
endite,not,can,wit,my,that,wonder,the
write,and,speak,both,then,i,heart,my,in,yet
entertain,to,love,new,yourself,prepare
rain,doth,youth,fresh,whom,in,flower,fair,you,then
pride,self-pleasing,such,of,spark,some,without
tried,worthy,ought,world,this,in,never,was
remain,shall,ever,that,knot,the,knit,to
pain,little,taking,in,long,not,think,then
might,your,of,ensample,sad,the,death,such
light,your,of,honor,the,be,should,life,such
ever,you,behold,may,that,born,he,is,well
never,shined,light,your,where,world,the,is,dark
see,we,here,that,all,lighten,doth,light,whose
be,likest,they,self,maker,the,to,then
sport,her,pain,my,makes,and,me,at,laugh,doth,she,as
sort,equal,in,her,at,laugh,may,i,that
surcease,may,prayer,nor,price,no,mine,but
peace,hath,war,every,and,end,hath,pain,all
gain,may,i,justice,that,eyes,your,against
complain,do,i,you,to,now,lady,so
be,lofty,you,make,shall,lowliness,such
me,on,look,to,vouchsafe,still,lowly,yet
her,adore,do,living,and,live,dying,so
her,before,die,and,down,fall,fail,those,if,and
manifold,virtues,with,adorned,mind,her
behold,few,but,is,fairest,which,that,but
pain,with,'scaped,hardly,i,was,it,as,yet
slain,been,had,i,sure,done,so,not,she,had
indeed,things,of,life,the,express,can,that
need,doth,thereto,hand,craftsman's,greater,a
remain,still,doth,flint,and,steel,as,she,whiles
vain,in,plead,and,wail,and,weep,i,do,so
be,rebel,a,her,let,end,cuckoo,ere
thee,to,turn,she,unless,love,o,therefore
prey,yielded,a,in,blooded,were,ye,that
say,ever,none,let,fairest,than,fairer
books,in,read,never,i,eyes,of,art,such
looks,her,with,me,teach,and,train,she,doth,thus
kept,be,to,relics,dearest,thy,amongst
accept,to,godess,o,vouchsafe,which,the
wind,least,with,broken,is,work,fruitless,whose
find,i,web,spider's,the,like,labour,such
beat,gently,me,will,ye,faults,my,for,that
intreat,will,i,scourge,my,are,ye,since,but
me,to,turn,may,last,at,meede,greater,that
be,might,they,greater,and,more,that,wish,and
gain,me,unto,shall,pleasure,endless,that
pain,little,of,account,i,should,then,why
cherish,immortal,make,you,shall,which,that,but
perish,shall,that,of,proud,longer,no,be,fair
embrace,love,and,leaf,his,breast,your,in,but
chace,phoebus,from,love,fair,more,no,fly,then
praise,victorious,her,with,world,the,fill,and
bays,glorious,with,head,her,deck,i,would,then
kind,of,course,the,all,alter,can,it,that
mind,gentle,in,love,of,power,the,is,such
abhored,soon,have,would,she,cruelty,such
accord,two,these,ill,how,know,she,did,but
turn,frozen,all,length,at,stones,to,she,and
burn,ashes,to,i,but,remains,then,what
breast,loving,another,me,you,lend,or
rest,me,grant,to,vouchsafe,she,till,then,cease
pensiveness,sad,and,sorrow,secret,in
comfortless,carefull,wander,i,then,till
she,saving,shadows,but,shows,their,all,and
me,to,vain,seemeth,glory,world's,this,all
one,a,many,of,be,condemned,shall,ye
moan,will,perhaps,some,which,death,his,by,but
be,golden,they,though,fetters,covet,to
free,being,any,for,were,it,fondness
blood,guiltless,spilling,for,blam'd,be,to,than
good,doing,for,praised,be,to,rather,choose
eat,did,i,thenceforth,which,bit,every,seemed
meat,ambrosial,or,nectar,than,sweet,more
cleared,are,looks,cloudy,when,sunshine,that,with
cheered,is,likewise,heart,storm-beaten,my,so
shamed,foully,so,was,beauty,fair,so,that
named,be,it,never,let,fair,fairest,of
die,to,time,my,before,not,me,do,and
cruelty,from,abstain,her,let,only
well,construe,to,learn,and,conceive,soon,will
spell,can,thought,hearts,true,that,wit,deep,her,which
increase,to,malice,their,find,i,more,the
peace,settle,to,seek,i,more,the,whom,'mongst
be,darkened,beams,fair,your,which,by,cause,the,remove
see,will,plain,ye,me,in,yourself,if,but
rain,doth,me,on,alone,she,which,storms,the
sustain,to,man,one,for,is,it,enough
pain,with,live,pleasure,with,die,they,think,and
bane,their,love,men,makes,which,charm,mighty,o
ill,it,requite,she,though,good,her,speak,and
will,her,against,though,ever,for,live,yet
me,to,life,giving,by,live,you,shall,so
be,to,admired,make,you,shall,mercy,such
heal,body,and,heart,both,salve,one,with,and
reveal,skill,your,you,do,leach,life's,my,then
greater,the,be,will,joy,my,her,having,but
her,get,to,more,the,be,will,pains,my,only
take,may,mead,my,i,presence,her,of,that
make,penance,my,will,absence,her,i,so
see,may,best,them,ye,maker,their,in,as
agree,best,beauty,with,doth,mercy,but
stone,senseless,but,woman,no,is,she
moan,nor,mirth,not,if,her,move,can,then,what
rest,the,all,in,as,mercy,in,like,be
best,the,are,likened,ye,heaven,to,sith,then
destroy,and,ruin,do,wreck,do,ye,whom
i,am,beast,same,that,and,tree,that,ship,that

are,assured,most,ye,yourself,to,that
far,so,misdeem,fair,proud,ye,do,then,why
endurence,hath,nought,earth,on,for,lowest,falls
stair,highest,the,on,standeth,that,he,and
assurance,own,his,on,trusting,faileth,but
fair,or,strong,so,wise,or,rich,so,none,ne
repair,it,may,none,that,pride,glory's,her
preyed,have,chance,changeful,and,time,devouring
air,with,up,blown,bubble,vain,a,like
unstayed,strength,her,all,and,frail,is,flesh,all
afraid,nought,of,is,and,assured,herself
supposeth,most,she,as,when,falls,soonest,that
aid,others,scorneth,and,power,own,her,in
reposeth,flesh,weak,that,th'assurance,is,weak
herself,to,assured,most,is,that,her,by,lviii,space,little,in,heal,will,wouds,my,all,that
grace,timely,me,grant,and,therefore,peace,make
best,loves,one,such,who,happy,most,he,but
rest,doth,assured,most,that,she,happy,most
days,my,short,else,or,ensuing,year,this
ways,her,short,planet,fair,love's,my,let,but
degree,mean,of,men,by,lov'd,be,dare,than
be,worshipped,rather,ought,forms,heavenly,such
delight,new,to,annoy,year's,old,change,and
sprite,heavy,your,and,you,cheer,love,likewise,so
bliss,eternal,gain,that,short,sorrows,all
this,to,respect,in,nothing,are,pains,all
excel,all,them,did,odor,sweet,her,but
smell,odorous,most,give,do,flowers,fragrant,such
bower,sacred,her,builds,pleasure,spotless,and
tower,brazen,in,dwell,fearless,doth,faith,there
be,increased,shall,yours,reflex,my,with
me,enlumined,once,hath,light,your,since,yet
beguiled,will,own,her,with,won,goodly,so
wild,so,beast,a,see,to,seemed,me,thing,strange
taught,us,lord,the,which,lesson,the,is,love
ought,we,as,like,love,us,let,so
toil,long,and,labour,with,last,at,gotten
spoil,glorious,my,of,purchase,happy,the
time,passed,the,again,call,can,none,for
prime,is,it,whilst,love,sweet,therefore,haste,make
bee,gentle,the,and,spider,the,between
see,shall,peace,eternal,thenceforth,all,and
bliss,heaven's,such,have,to,earth,on,here,but
happiness,other,none,with,not,need,heart
lent,have,to,bosom,your,in,lodging,him
repent,not,you,may,hereafter,it,that
give,me,unto,did,graces,such,three,that
live,forever,elizabeths,three,ye
renew,life,later,and,live,shall,love,out
subdue,world,the,all,shall,death,whenas,where
blest,so,was,never,yet,wished,i,oft,which
rest,happy,so,your,envy,i,thoughts,sweet
fed,have,thereon,would,which,guests,the,thoughts,my
spread,richly,so,was,table,that,breast,her
me,in,herself,behold,thoughts,my,let,and
see,to,herself,seek,to,eyes,mine,then,cease
fade,untimely,flowers,like,fair,other,all
made,hath,fair,he,what,and,fair,only,he
queene,faery,the,of,handmaid,the,for,fit
mean,and,low,be,yet,praises,her,let,but
astonishment,heart's,of,work,the,this,but
wonderment,nature's,of,works,be,rest,the
degree,high,an,unto,up,you,lift,shall
me,uplifting,argument,lofty,whose
she,saving,shadows,but,shows,their,all,and
me,to,vain,seemeth,glory,world's,this,all

election,fair,fortune's,your,bless,and
wonder,to,or,envy,to,choose,world,the,let
thunder,shall,trump,shrill,her,in,fame,as,when,which
prepared,me,for,it,that,thyself,to,due
reward,thy,mischief,and,meed,thy,be,shame
fast,too,away,fly,do,hours,joyous,but
last,to,long,too,seem,doth,still,sorrow,so
blind,do,eyes,mine,and,body,my,starve,i
mind,my,fill,i,whilst,brightness,such,with,but
