memory,his,bear,might,heir,tender,his
decease,time,by,should,riper,the,as,but
die,never,might,rose,beauty's,thereby,that
increase,desire,we,creatures,fairest,from
niggarding,in,waste,mak'st,churl,tender,and
content,thy,buriest,bud,own,thine,within
spring,gaudy,the,to,herald,only,and
ornament,fresh,world's,the,now,art,that,thou
held,worth,small,of,weed,tattered,a,be,will
now,on,gazed,so,livery,proud,youth's,thy
field,beauty's,thy,in,trenches,deep,dig,and
brow,thy,besiege,shall,winters,forty,when
thine,succession,by,beauty,his,proving
excuse,old,my,make,and,count,my,sum,shall
mine,of,child,fair,'this,answer,couldst,thou,if
use,beauty's,thy,deserved,praise,more,much,how
mother,some,unbless,world,the,beguile,dost,thou
renewest,not,thou,now,if,repair,fresh,whose
another,form,should,face,that,time,the,is,now
viewest,thou,face,the,tell,and,glass,thy,in,look
time,golden,thy,this,wrinkles,of,despite
see,shalt,age,thine,of,windows,through,thou,so
prime,her,of,april,lovely,the,back,calls
thee,in,she,and,glass,mother's,thy,art,thou
free,are,those,to,lends,she,frank,being,and
lend,doth,but,nothing,gives,bequest,nature's
legacy,beauty's,thy,self,thy,upon
spend,thou,dost,why,loveliness,unthrifty
leave,thou,canst,audit,acceptable,what
gone,be,to,thee,calls,nature,when,how,then
deceive,dost,self,sweet,thy,self,thy,of,thou
alone,self,thy,with,traffic,having,for
excel,doth,fairly,which,unfair,that,and
same,very,the,to,tyrants,the,play,will
dwell,doth,eye,every,where,gaze,lovely,the
frame,did,work,gentle,with,that,hours,those
was,it,what,remembrance,no,nor,it,nor
bereft,were,beauty,with,effect,beauty's
glass,of,walls,in,pent,prisoner,liquid,a
left,distillation,summer's,not,were,then
self-killed,be,it,ere,treasure,beauty's,with
place,some,thou,treasure,vial,some,sweet,make
distilled,be,thou,ere,summer,thy,thee,in
deface,hand,ragged,winter's,not,let,then
posterity,in,living,thee,leaving
depart,shouldst,thou,if,do,death,could,what,then
thee,refigured,times,ten,thine,of,ten,if
art,thou,than,happier,were,self,thy,times,ten
majesty,sacred,his,looks,with,serving
sight,new-appearing,his,to,homage,doth
eye,under,each,head,burning,his,up,lifts
light,gracious,the,when,orient,the,in,lo
way,another,look,and,tract,low,his,from
are,converted,now,duteous,fore,eyes,the
day,the,from,reeleth,he,age,feeble,like
car,weary,with,pitch,highmost,from,when,but
annoy,thine,pleasure,with,receiv'st,else,or
gladly,not,receiv'st,thou,which,that,thou,lov'st,why
joy,in,delights,joy,not,war,sweets,with,sweets
sadly,music,thou,hear'st,why,hear,to,music
sing,do,note,pleasing,one,one,in,all,who
mother,happy,and,child,and,sire,resembling
ordering,mutual,by,each,in,each,strikes
another,to,husband,sweet,string,one,how,mark
wife,makeless,a,like,thee,wail,will,world,the
die,to,hap,shalt,issueless,thou,if,ah
life,single,in,self,thy,consum'st,thou,that
eye,widow's,a,wet,to,fear,for,it,is
it,destroys,so,user,the,unused,kept,and
end,an,world,the,in,hath,waste,beauty's,but
it,enjoys,world,the,still,for,place,his,but,shifts
spend,doth,world,the,in,unthrift,an,what,look
evident,most,is,lov'st,none,thou,that,but
many,of,beloved,art,thou,wilt,thou,if,grant
unprovident,so,art,self,thy,for,who
any,to,love,bear'st,thou,that,deny,shame,for
prove,kind-hearted,least,at,self,thy,to,or
kind,and,gracious,is,presence,thy,as,be
love,gentle,than,lodged,fairer,be,hate,shall
mind,my,change,may,i,that,thought,thy,change,o
convertest,youth,from,thou,when,thine,call,mayst,thou
bestow'st,thou,youngly,which,blood,fresh,that,and
departest,thou,which,that,from,thine,of,one,in
grow'st,thou,fast,so,wane,shalt,thou,as,fast,as
cherish,bounty,in,shouldst,thou,gift,bounteous,which
more,thee,gave,she,endowed,best,she,whom,look
perish,barrenly,rude,and,featureless,harsh
store,for,made,not,hath,nature,whom,those,let
white,with,o'er,silvered,all,curls,sable,and
prime,past,violet,the,behold,i,when
night,hideous,in,sunk,day,brave,the,see,and
time,the,tells,that,clock,the,count,do,i,when
grow,others,see,they,as,fast,as,die,and
forsake,themselves,do,beauties,and,sweets,since
go,must,time,of,wastes,the,among,thou,that
make,question,i,do,beauty,thy,of,then
give,other,some,to,semblance,sweet,your,and
prepare,should,you,end,coming,this,against
live,here,self,your,you,than,yours,longer,no
are,you,love,but,self,your,were,you,that,o
cold,eternal,death's,of,rage,barren,and
day,winter's,of,gusts,stormy,the,against
uphold,might,honour,in,husbandry,which
decay,to,fall,house,a,fair,so,lets,who
quality,seasons,or,dearths,of,plagues,of
luck,evil,or,good,of,tell,to,not,but
astronomy,have,i,methinks,yet,and
pluck,judgement,my,i,do,stars,the,from,not
convert,wouldst,thou,store,to,self,thy,from,if
thrive,together,shall,beauty,and,truth,as
art,such,read,i,them,in,stars,constant,and
derive,i,knowledge,my,eyes,thine,from,but
comment,influence,secret,in,stars,the,whereon
shows,but,nought,presenteth,stage,huge,this,that
moment,little,a,but,perfection,in,holds
grows,that,thing,every,consider,i,when
night,sullied,to,youth,of,day,your,change,to
decay,with,debateth,time,wasteful,where
sight,my,before,youth,in,rich,most,you,sets
stay,inconstant,this,of,conceit,the,then
rhyme,barren,my,than,blessed,more,means,with
decay,your,in,self,your,fortify,and
time,tyrant,bloody,this,upon,war,make
way,mightier,a,you,not,do,wherefore,but
men,of,eyes,in,self,your,live,you,make,can
fair,outward,nor,worth,inward,in,neither
pen,pupil,my,or,pencil,time's,this,which
repair,life,that,life,of,lines,the,should,so
parts,your,half,not,shows,and,life,your,hides,which
tomb,a,as,but,is,it,knows,heaven,yet,though
deserts,high,most,your,with,filled,were,it,if
come,to,time,in,verse,my,believe,will,who
song,antique,an,of,metre,stretched,and
rage,poet's,a,termed,be,rights,true,your,and
tongue,than,truth,less,of,men,old,like,scorned,be
age,their,with,yellowed,papers,my,should,so
date,a,short,too,all,hath,lease,summer's,and
may,of,buds,darling,the,shake,do,winds,rough
temperate,more,and,lovely,more,art,thou
day,summer's,a,to,thee,compare,i,shall
grow'st,thou,time,to,lines,eternal,in,when
shade,his,in,wand'rest,thou,brag,death,shall,nor
ow'st,thou,fair,that,of,possession,lose,nor
fade,not,shall,summer,eternal,thy,but
blood,her,in,phoenix,long-lived,the,burn,and
jaws,tiger's,fierce,the,from,teeth,keen,the,pluck
brood,sweet,own,her,devour,earth,the,make,and
paws,lion's,the,thou,blunt,time,devouring
men,succeeding,to,pattern,beauty's,for
allow,do,untainted,course,thy,in,him
pen,antique,thine,with,there,lines,no,draw,nor
brow,fair,love's,my,hours,thy,with,not,carve,o
fashion,women's,false,is,as,change,shifting,with
acquainted,not,but,heart,gentle,woman's,a
passion,my,of,mistress,master,the,thou,hast
painted,hand,own,nature's,with,face,woman's,a
nothing,purpose,my,to,thing,one,adding,by
defeated,thee,of,me,addition,by,and
a-doting,fell,thee,wrought,she,as,nature,till
created,first,thou,wert,woman,a,for,and
rehearse,doth,fair,his,with,fair,every,and
use,doth,ornament,for,self,it,heaven,who
verse,his,to,beauty,painted,a,by,stirred
muse,that,with,as,me,with,not,it,is,so
air,heaven's,in,fixed,candles,gold,those,as
bright,so,not,though,child,mother's,any,as
fair,as,is,love,my,me,believe,then,and
write,truly,but,love,in,true,me,let,o
expiate,should,days,my,death,i,look,then
behold,i,furrows,time's,thee,in,when,but
date,one,of,are,thou,and,youth,as,long,so
old,am,i,me,persuade,not,shall,glass,my
ill,faring,from,babe,her,nurse,tender,as
chary,so,keep,will,i,which,heart,thy,bearing
will,thee,for,but,self,my,for,not,i,as
wary,so,thyself,of,be,love,therefore,o
heart,own,his,weakens,abundance,strength's,whose
rage,much,too,with,replete,thing,fierce,some,or
part,his,beside,put,is,fear,his,with,who
stage,the,on,actor,unperfect,an,as
expressed,more,hath,more,that,tongue,that,than,more
recompense,for,look,and,love,for,plead,who
breast,speaking,my,of,presagers,dumb,and
eloquence,the,then,be,looks,my,let,o
art,painter's,best,is,it,perspective,and
held,is,'tis,wherein,frame,the,body,my
heart,my,of,table,in,form,beauty's,thy
stelled,hath,and,painter,the,played,hath,eye,mine
thee,on,therein,gaze,to,peep,to,delights
sun,the,where-through,breast,my,to,windows,are
me,for,thine,and,shape,thy,drawn,have,eyes,mine
done,have,eyes,for,eyes,turns,good,what,see,now
most,honour,i,that,in,joy,for,unlooked
bars,triumph,such,of,fortune,whom,i,whilst
boast,titles,proud,and,honour,public,of
stars,their,with,favour,in,are,who,those,let
toiled,he,which,for,forgot,rest,the,all,and
quite,razed,honour,of,book,the,from,is
foiled,once,victories,thousand,a,after
fight,for,famoused,warrior,painful,the
wit,my,show,to,not,duty,witness,to
embassage,written,this,send,i,thee,to
knit,strongly,duty,my,hath,merit,thy
vassalage,in,whom,to,love,my,of,lord
respect,sweet,thy,of,worthy,me,show,to
loving,tattered,my,on,apparel,puts,and
aspect,fair,with,graciously,me,on,points
moving,my,guides,that,star,whatsoever,till
expired,work's,body's,when,mind,my,work,to
head,my,in,journey,a,begins,then,but
tired,travel,with,limbs,for,respose,dear,the
bed,my,to,me,haste,i,toil,with,weary
new,face,old,her,and,beauteous,night,black,makes
night,ghastly,in,hung,jewel,a,like,which
view,sightless,my,to,shadow,thy,presents
sight,imaginary,soul's,my,that,save
oppressed,day,by,night,and,night,by,day,but
night,by,eased,not,is,oppression,day's,when
rest,of,benefit,the,debarred,am,that
plight,happy,in,return,then,i,can,how
even,the,gild'st,thou,not,twire,stars,sparkling,when
night,swart-complexioned,the,i,flatter,so
heaven,the,blot,do,clouds,when,grace,him,dost,and
bright,art,thou,him,please,to,day,the,tell,i
fate,my,curse,and,self,my,upon,look,and
cries,bootless,my,with,heaven,deaf,trouble,and
state,outcast,my,beweep,alone,all,i
eyes,men's,and,fortune,with,disgrace,in,when
gate,heaven's,at,hymns,sings,earth,sullen,from
arising,day,of,break,at,lark,the,to,like
state,my,then,and,thee,on,think,i,haply
despising,almost,self,my,thoughts,these,in,yet
waste,time's,dear,my,wail,new,woes,old,with,and
sought,i,thing,a,many,of,lack,the,sigh,i
past,things,of,remembrance,up,summon,i
thought,silent,sweet,of,sessions,the,to,when
before,paid,not,if,as,pay,new,i,which
moan,fore-bemoaned,of,account,sad,the
o'er,tell,woe,to,woe,from,heavily,and
foregone,grievances,at,grieve,i,can,then
buried,thought,i,which,friends,those,all,and
parts,loving,love's,all,and,love,reigns,there,and
dead,supposed,have,lacking,by,i,which
hearts,all,with,endeared,is,bosom,thy
alone,thine,is,now,many,of,due,that
give,did,thee,to,me,of,parts,their,all,who
gone,lovers,my,of,trophies,the,with,hung
live,doth,love,buried,where,grave,the,art,thou
lover,deceased,thy,of,lines,rude,poor,these
re-survey,more,once,fortune,by,shalt,and
cover,shall,dust,with,bones,my,death,churl,that,when
day,well-contented,my,survive,thou,if
equipage,better,of,ranks,in,march,to
brought,had,love,his,this,than,birth,dearer,a
age,growing,this,with,grown,muse,friend's,my,'had
thought,loving,this,but,me,vouchsafe,then,o
alchemy,heavenly,with,streams,pale,gilding
green,meadows,the,face,golden,with,kissing
eye,sovereign,with,tops,mountain,the,flatter
seen,i,have,morning,glorious,a,many,full
now,me,from,him,masked,hath,cloud,region,the
mine,hour,one,but,was,he,alack,out,but
brow,my,on,splendour,triumphant,all,with
shine,did,morn,early,one,sun,my,so,even
smoke,rotten,their,in,brav'ry,thy,hiding
way,my,in,me,o'ertake,clouds,base,let,to
cloak,my,without,forth,travel,me,make,and
day,beauteous,a,such,promise,thou,didst,why
cross,offence's,strong,the,bears,that,him,to
relief,weak,but,lends,sorrow,offender's,th
loss,the,still,have,i,yet,repent,thou,though
grief,my,to,physic,give,shame,thy,can,nor
bud,sweetest,in,lives,canker,loathsome,and
sun,and,moon,both,stain,eclipses,and,clouds
mud,fountains,silver,and,thorns,have,roses
done,hast,thou,which,that,at,grieved,be,more,no
hate,and,love,my,in,is,war,civil,such
commence,plea,lawful,a,self,my,'gainst,and
advocate,thy,is,party,adverse,thy
sense,in,bring,i,fault,sensual,thy,to,for
alone,borne,be,me,by,help,thy,without
remain,me,with,do,that,blots,those,shall,so
one,are,loves,undivided,our,although
twain,be,must,two,we,that,confess,me,let
name,thy,from,honour,that,take,thou,unless
me,honour,kindness,public,with,thou,nor
shame,thee,do,should,guilt,bewailed,my,lest
thee,acknowledge,evermore,not,may,i
truth,and,worth,thy,of,comfort,my,all,take
spite,dearest,fortune's,by,lame,made,i,so
youth,of,deeds,do,child,active,his,see,to
delight,takes,father,decrepit,a,as
live,glory,thy,all,of,part,a,by,and
sufficed,am,abundance,thy,in,i,that
give,substance,such,doth,shadow,this,that,whilst
despised,nor,poor,lame,not,am,i,then,so
rehearse,to,paper,vulgar,every,for
excellent,too,argument,sweet,own,thine
verse,my,into,pour'st,that,breathe,dost,thou,while
invent,to,subject,want,muse,my,can,how
date,long,outlive,to,numbers,eternal
forth,bring,him,let,thee,on,calls,that,he,and
invocate,rhymers,which,nine,old,those,than
worth,in,more,times,ten,muse,tenth,the,thou,be
thee,praise,i,when,own,mine,but,is't,what,and
bring,self,own,mine,to,praise,own,mine,can,what
me,of,part,better,the,all,art,thou,when
sing,i,may,manners,with,worth,thy,how,o
deceive,doth,sweetly,so,thoughts,and,time,which
love,of,thoughts,with,time,the,entertain,to
leave,sweet,gave,leisure,sour,thy,not,it,were
prove,thou,wouldst,torment,a,what,absence,o
more,this,hadst,thou,before,thine,was,mine,all
call,love,true,mayst,thou,that,love,my,love,no
before,hadst,thou,than,more,then,thou,hast,what
all,them,take,yea,love,my,loves,my,all,take
injury,known,hate's,than,wrong,greater,bear,to
grief,greater,a,is,it,knows,love,yet,and
poverty,my,all,thee,steal,thou,although
thief,gentle,robbery,thy,forgive,do,i
art,thou,where,follows,temptation,still,for
befits,well,full,years,thy,and,beauty,thy
heart,thy,from,absent,sometime,am,i,when
commits,liberty,that,wrongs,pretty,those
truth,twofold,a,break,to,forced,art,thou,where
there,even,riot,their,in,thee,lead,who
youth,straying,thy,and,beauty,thy,chide,and
forbear,seat,my,mightst,thou,yet,but,me,ay
nearly,more,me,touches,that,love,in,loss,a
chief,wailing,my,of,is,thee,hath,she,that
dearly,her,loved,i,said,be,may,it,yet,and
grief,my,all,not,is,it,her,hast,thou,that
cross,this,me,on,lay,sake,my,for,both,and
twain,both,lose,i,and,other,each,find,both
loss,that,found,hath,friend,my,her,losing,and
gain,love's,my,is,loss,my,thee,lose,i,if
directed,dark,in,bright,are,bright,darkly,and
thee,on,look,they,dreams,in,sleep,i,when,but
unrespected,things,view,they,day,the,all,for
see,best,eyes,mine,do,then,wink,i,most,when
stay,doth,eyes,sightless,on,sleep,heavy,through
shade,imperfect,fair,thy,night,dead,in,when
day,living,the,in,thee,on,looking,by
made,blessed,be,eyes,mine,say,i,would,how
stay,dost,thou,where,remote,far,limits,from
brought,be,would,i,space,of,despite,then,for
way,my,stop,not,should,distance,injurious
thought,were,flesh,my,of,substance,dull,the,if
moan,my,with,leisure,time's,attend,must,i
wrought,water,and,earth,of,much,so,that,but
gone,art,thou,when,miles,of,lengths,large,leap,to
thought,not,am,i,that,me,kills,thought,ah,but
slide,motion,swift,with,present-absent,these
desire,my,other,the,thought,my,first,the
abide,i,wherever,thee,with,both,are
fire,purging,and,air,slight,two,other,the
me,to,it,recounting,health,fair,thy,of
assured,again,back,come,now,but,even,who
thee,from,returned,messengers,swift,those,by
recured,be,composition,life's,until
right,that,of,freedom,the,eye,mine,heart,my
bar,would,sight,picture's,thy,heart,my,eye,mine
sight,thy,of,conquest,the,divide,to,how
war,mortal,a,at,are,heart,and,eye,mine
part,heart's,dear,the,and,moiety,eye's,clear,the
determined,is,verdict,their,by,and
heart,the,to,tenants,all,thoughts,of,quest,a
impanelled,is,title,this,side,to
smother,doth,himself,sighs,with,love,in,heart,or
look,a,for,famished,is,eye,mine,that,when
other,the,unto,now,turns,good,doth,each,and
took,is,league,a,heart,and,eye,mine,betwixt
thee,with,they,and,them,with,still,am,i,and
move,canst,thoughts,my,than,farther,not,thou,for
me,with,still,present,art,away,self,thy
love,my,or,picture,thy,by,either,so
trust,of,wards,sure,in,falsehood,of,hands,from
stay,unused,might,it,use,my,to,that
thrust,to,bars,truest,under,trifle,each
way,my,took,i,when,i,was,careful,how
part,and,come,mayst,thou,pleasure,at,whence,from
breast,my,of,closure,gentle,the,within
art,thou,feel,i,though,not,art,thou,where,save
chest,any,in,up,locked,not,i,have,thee
respects,advised,by,audit,that,to,called
sum,utmost,his,cast,hath,love,thy,as,when
defects,my,on,frown,thee,see,shall,i,when
come,time,that,ever,if,time,that,against
part,thy,on,reasons,lawful,the,guard,to
uprear,self,my,against,hand,my,this,and
desert,own,mine,of,knowledge,the,within
here,me,ensconce,i,do,time,that,against
',friend,thy,from,measured,are,miles,the,far,'thus
say,to,repose,that,and,case,that,teach,doth
end,travel's,weary,my,seek,i,what,when
way,the,on,journey,i,do,heavy,how
side,his,to,spurring,than,me,to,sharp,more
groan,a,with,answers,he,heavily,which
hide,his,into,thrusts,anger,sometimes,that
on,him,provoke,not,can,spur,bloody,the
need,no,is,posting,of,return,i,till
thence,me,haste,i,should,why,art,thou,where,from
speed,i,thee,from,when,bearer,dull,my,of
offence,slow,the,excuse,love,my,can,thus
jade,my,excuse,shall,thus,love,for,love,but
race,fiery,his,in,flesh,dull,no,neigh,shall
made,being,love,perfect'st,of,desire,therefore
pace,keep,desire,my,with,horse,no,can,then
pleasure,seldom,of,point,fine,the,blunting,for
survey,hour,every,not,will,he,which,the
treasure,up-locked,sweet,his,to,him,bring,can
key,blessed,whose,rich,the,as,i,am,so
pride,imprisoned,his,unfolding,new,by
special-blest,instant,special,some,make,to
hide,doth,robe,the,which,wardrobe,the,as,or
chest,my,as,you,keeps,that,time,the,is,so
lend,shadow,every,can,one,but,you,and
shade,one,one,every,hath,one,every,since
tend,you,on,shadows,strange,of,millions,that
made,you,are,whereof,substance,your,is,what
know,we,shape,blessed,every,in,you,and
appear,doth,bounty,your,as,other,the
show,beauty,your,of,shadow,doth,one,the
year,the,of,foison,and,spring,the,of,speak
live,it,in,doth,which,odour,sweet,that,for
deem,it,we,fairer,but,fair,looks,rose,the
give,doth,truth,which,ornament,sweet,that,by
seem,beauteous,beauty,doth,more,much,how,o
made,odours,sweetest,are,deaths,sweet,their,of
so,not,do,roses,sweet,themselves,to,die
fade,unrespected,and,unwooed,live,they
show,their,is,only,virtue,their,for,but
time,sluttish,with,besmeared,stone,unswept,than
contents,these,in,bright,more,shine,shall,you,but
rhyme,powerful,this,outlive,shall,princes,of
monuments,gilded,the,nor,marble,not
doom,ending,the,to,out,world,this,wear,that
posterity,all,of,eyes,the,in,even
room,find,still,shall,praise,your,forth,pace,you,shall
enmity,all-oblivious,and,death,'gainst
might,former,his,in,sharpened,to-morrow
allayed,is,feeding,by,to-day,but,which
appetite,than,be,blunter,should,edge,thy
said,not,it,be,force,thy,renew,love,sweet
view,the,be,may,blest,more,love,of,return
see,they,when,that,banks,the,to,daily,come
new,contracted,two,where,shore,the,parts,which
be,ocean,the,like,interim,sad,this,let
require,you,till,do,to,services,nor
spend,to,all,at,time,precious,no,have,i
desire,your,of,times,and,hours,the,upon
tend,but,do,i,should,what,slave,your,being
those,make,you,happy,how,are,you,where,save
nought,of,think,and,stay,slave,sad,a,like,but
suppose,affairs,your,or,be,may,you,where
thought,jealous,my,with,question,i,dare,nor
leisure,your,stay,to,bound,vassal,your,being
crave,to,hours,of,account,th,hand,your,at,or
pleasure,of,times,your,control,thought,in,should,i
slave,your,first,me,made,that,forbid,god,that
crime,self-doing,of,pardon,to,self,your
belong,doth,it,you,to,will,you,what,to
time,your,privilage,may,self,your,you,that
strong,so,is,charter,your,list,you,where,be
child,former,a,of,burthen,second,the
amis,bear,invention,for,labouring,which
beguiled,brains,our,are,how,before,been,hath
is,which,that,but,new,nothing,be,there,if
same,the,be,revolution,whether,or
they,better,whether,or,mended,are,we,whether
frame,your,of,wonder,composed,this,to
say,could,world,old,the,what,see,might,i,that
contend,do,forwards,all,toil,sequent,in
before,goes,which,that,with,place,changing,each
end,their,to,hasten,minutes,our,do,so
shore,pebbled,the,towards,make,waves,the,as,like
mow,to,scythe,his,for,but,stands,nothing,and
truth,nature's,of,rarities,the,on,feeds
brow,beauty's,in,parallels,the,delves,and
youth,on,set,flourish,the,transfix,doth,time
sight,my,mock,do,thee,to,like,shadows,while
broken,be,should,slumbers,my,desire,thou,dost
night,weary,the,to,eyelids,heavy,my
open,keep,should,image,thy,will,thy,it,is
sake,thy,for,ever,watchman,the,play,to
defeat,rest,my,doth,that,love,true,own,mine
awake,eye,mine,keeps,that,love,my,is,it
great,so,not,is,much,though,love,thy,no,o
heart,my,in,inward,grounded,so,is,it
remedy,no,is,there,sin,this,for,and
part,every,my,all,and,soul,my,all,and
eye,mine,all,possesseth,self-love,of,sin
iniquity,were,self-loving,so,self
read,i,contrary,quite,self-love,own,mine
antiquity,tanned,with,chopt,and,beated
indeed,self,my,me,shows,glass,my,when,but
morn,youthful,his,when,wrinkles,and,lines,with
brow,his,filled,and,blood,his,drained,have,hours,when
o'erworn,and,crushed,hand,injurious,time's,with
now,am,i,as,be,shall,love,my,against
life,lover's,my,though,beauty,love's,sweet,my
memory,from,cut,never,shall,he,that
knife,cruel,age's,confounding,against
fortify,now,i,do,time,a,such,for
rage,mortal,to,slave,eternal,brass,and
down-rased,see,i,towers,lofty,sometime,when
age,buried,outworn,of,cost,rich-proud,the
defaced,hand,fell,time's,by,seen,have,i,when
away,love,my,take,and,come,will,time,that
ruminate,to,thus,me,taught,hath,ruin
decay,to,confounded,self,it,state,or
state,of,interchange,such,seen,have,i,when
flower,a,than,stronger,no,is,action,whose
plea,a,hold,beauty,shall,rage,this,with,how
power,their,o'ersways,mortality,sad,but
sea,boundless,nor,earth,nor,stone,nor,brass,since
forbid,can,beauty,of,spoil,his,who,or
back,foot,swift,his,hold,can,hand,strong,what,or
hid,lie,chest,time's,from,jewel,best,time's,shall
alack,where,meditation,fearful,o
forsworn,unhappily,faith,purest,and
jollity,in,trimmed,nothing,needy,and
born,beggar,a,desert,behold,to,as
cry,i,death,restful,for,these,all,with,tired
ill,captain,attending,good,captive,and
simplicity,miscalled,truth,simple,and
skill,controlling,doctor-like,folly,and
authority,by,tongue-tied,made,art,and
society,his,with,self,it,lace,and
achieve,should,advantage,him,by,sin,that
impiety,grace,presence,his,with,and
live,he,should,infection,with,wherefore,ah
gains,his,upon,lives,many,of,proud,and
his,but,now,exchequer,no,hath,she,for
veins,lively,through,blush,to,blood,of,beggared
is,bankrupt,nature,now,live,he,should,why
brow,living,a,on,inhabit,durst,or
born,were,fair,of,signs,bastard,these,before
now,do,flowers,as,died,and,lived,beauty,when
outworn,days,of,map,the,cheek,his,is,thus
new,beauty,his,dress,to,old,no,robbing
green,another's,of,summer,no,making
true,and,self,it,ornament,all,without
seen,are,hours,antique,holy,those,him,in
commend,foes,as,so,even,truth,bare,uttering
due,that,thee,give,souls,of,voice,the,tongues,all
mend,can,hearts,of,thought,the,that,nothing,want
view,doth,eye,world's,the,that,thee,of,parts,those
weeds,of,smell,rank,the,add,flower,fair,thy,to
kind,were,eyes,their,although,thoughts,their,churls,then
deeds,thy,by,measure,they,guess,in,that,and
mind,thy,of,beauty,the,into,look,they
air,sweetest,heaven's,in,flies,that,crow,a
suspect,is,beauty,of,ornament,the
fair,the,yet,ever,was,mark,slander's,for
defect,thy,be,not,shall,blamed,art,thou,that
enlarged,evermore,envy,up,tie,to
praise,thy,so,be,not,can,praise,thy,this,yet
charged,being,victor,or,assailed,not,either
days,young,of,ambush,the,by,passed,hast,thou
dwell,to,worms,vilest,with,world,vile,this,from
fled,am,i,that,world,the,to,warning,give
bell,sullen,surly,the,hear,shall,you,than
dead,am,i,when,me,for,mourn,longer,no
decay,life,my,with,even,love,your,let,but
rehearse,name,poor,my,as,much,so,not,do
clay,with,am,compounded,perhaps,i,when
verse,this,upon,look,you,say,i,if,o
prove,worthy,nothing,can,me,in,you,for
quite,me,forget,love,dear,death,my,after
love,should,you,that,me,in,lived,merit,what
recite,to,you,task,should,world,the,lest,o
you,nor,me,nor,shame,to,more,no,live,and
is,body,my,where,buried,be,name,my
untrue,me,of,well,speak,love,for,you,that
this,in,false,seem,may,love,true,your,lest,o
sang,birds,sweet,the,late,where,choirs,ruined,bare
cold,the,against,shake,which,boughs,those,upon
hang,do,few,or,none,or,leaves,yellow,when
behold,me,in,mayst,thou,year,of,time,that
by,nourished,was,it,which,that,with,consumed
expire,must,it,whereon,death-bed,the,as
lie,doth,youth,his,of,ashes,the,on,that
fire,such,of,glowing,the,seest,thou,me,in
stay,shall,thee,with,still,memorial,for,which
interest,some,line,this,in,hath,life,my
away,me,carry,shall,bail,all,without
arrest,fell,that,when,contented,be,but
remembered,be,to,thee,of,base,too
knife,wretch's,a,of,conquest,coward,the
dead,being,body,my,worms,of,prey,the
life,of,dregs,the,lost,but,hast,thou,then,so
found,is,wealth,his,and,miser,a,'twixt,as
strife,such,hold,i,you,of,peace,the,for,and
ground,the,to,are,showers,sweet-seasoned,as,or
life,to,food,as,thoughts,my,to,you,are,so
took,be,you,from,must,or,had,is,what,save
delight,no,pursuing,or,possessing
look,a,for,starved,clean,by,and,by,and
sight,your,on,feasting,with,full,all,sometime
strange,compounds,to,and,methods,new-found,to
aside,glance,not,i,do,time,the,with,why
change,quick,or,variation,from,far,so
pride,new,of,barren,so,verse,my,is,why
spent,already,is,what,again,spending
new,words,old,dressing,is,best,my,all,so
argument,my,still,are,love,and,you,and
you,of,write,always,i,love,sweet,know,o
taste,thou,mayst,learning,this,book,this,of,and
bear,will,imprint,mind's,thy,leaves,vacant,these
waste,minutes,precious,thy,how,dial,thy
wear,beauties,thy,how,thee,show,will,glass,thy
mind,thy,of,acquaintance,new,a,take,to
brain,thy,from,delivered,nursed,children,those
find,shalt,thou,and,blanks,waste,these,to,commit
contain,not,can,memory,thy,what,look
disperse,poesy,their,thee,under,and
use,my,got,hath,pen,alien,every,as
verse,my,in,assistance,fair,such,found,and
muse,my,for,thee,invoked,i,have,oft,so
be,graced,graces,sweet,thy,with,arts,and
style,the,mend,but,dost,thou,works,others,in
thee,of,born,and,thine,is,influence,whose
compile,i,which,that,of,proud,most,be,yet
place,other,an,give,doth,muse,sick,my,and
decayed,are,numbers,gracious,my,now,but
grace,gentle,thy,all,had,alone,verse,my
aid,thy,upon,call,did,alone,i,whilst
live,doth,thee,in,what,but,thee,to,praise,no
afford,can,he,cheek,thy,in,it,found,and
give,he,doth,beauty,behaviour,thy,from
word,that,stole,he,and,virtue,thee,lends,he
fame,your,of,speaking,tongue-tied,me,make,to
might,his,all,spends,thereof,praise,the,in,and
name,your,use,doth,spirit,better,a,knowing
write,do,you,of,i,when,faint,i,how,o
pride,goodly,of,and,building,tall,of,he
boat,worthless,a,am,i,wrecked,being,or
ride,doth,deep,soundless,your,upon,he,whilst
afloat,up,me,hold,will,help,shallowest,your
forgotten,be,will,part,each,me,in,although
take,not,can,death,memory,your,hence,from
rotten,am,earth,in,i,when,survive,you,or
make,to,epitaph,your,live,shall,i,or
dead,are,world,this,of,breathers,the,all,when
rehearse,shall,being,your,be,to,tongues,and
o'er-read,shall,created,yet,not,eyes,which
verse,gentle,my,be,shall,monument,your
book,every,blessing,subject,fair,their,of
use,writers,which,words,dedicated,the
o'erlook,attaint,without,mayst,therefore,and
muse,my,to,married,not,wert,thou,grant,i
friend,true-telling,thy,by,words,plain,true,in
sympathized,truly,wert,fair,truly,thou
lend,can,rhetoric,touches,strained,what
devised,have,they,when,yet,love,so,do,and
debt,poet's,a,of,tender,barren,that
exceed,did,you,found,i,thought,or,found,i
set,painting,no,fair,your,to,therefore,and
need,painting,did,you,that,saw,never,i
tomb,a,bring,and,life,give,would,others,when
mute,being,beauty,not,impair,i,for
dumb,being,glory,my,most,be,shall,which
impute,did,you,sin,my,for,silence,this
grew,equal,your,where,example,should,which
store,the,is,immured,confine,whose,in
you,are,alone,you,that,praise,rich,this,than
more,say,can,which,most,says,that,it,is,who
where,every,admired,style,his,making
wit,his,fame,shall,counterpart,a,such,and
clear,so,made,nature,what,worse,making,not
writ,is,you,in,what,copy,but,him,let
filed,muses,the,all,by,phrase,precious,and
quill,golden,with,character,their,reserve
compiled,richly,praise,your,of,comments,while
still,her,holds,manners,in,muse,tongue-tied,my
before,rank,his,holds,hindmost,come,words,though
you,to,love,whose,thought,my,in,is,that,but
more,something,add,praise,of,most,the,to,and
true,is,'t,so,'tis,say,i,praised,you,hearing
grew,they,wherein,womb,the,tomb,their,making
inhearse,brain,my,in,thoughts,ripe,my,did,that
you,precious,too,all,of,prize,the,for,bound
verse,great,his,of,sail,full,proud,the,it,was
thence,from,fear,any,of,sick,not,was,i
boast,not,can,silence,my,of,victors,as
intelligence,with,him,gulls,nightly,which
ghost,familiar,affable,that,nor,he
determinate,all,are,thee,in,bonds,my
releasing,thee,gives,worth,thy,of,charter,the
estimate,thy,know'st,thou,enough,like,and
possessing,my,for,dear,too,art,thou,farewell
making,judgement,better,on,again,home,comes
growing,misprision,upon,gift,great,thy,so
mistaking,else,it,gav'st,thou,whom,to,me,or
knowing,not,then,worth,own,thy,gav'st,thou,self,thy
forsworn,art,thou,though,virtuous,thee,prove,and
fight,'ll,i,self,my,against,side,thy,upon
scorn,of,eye,the,in,merit,my,place,and
light,me,set,to,disposed,be,shalt,thou,when
me,double-vantage,vantage,thee,doing
do,i,self,my,to,that,injuries,the
thee,on,thoughts,loving,my,all,bending,for
too,gainer,a,be,will,this,by,i,and
defence,no,making,reasons,thy,against
halt,will,straight,i,and,lameness,my,of,speak
offence,that,upon,comment,will,i,and
fault,some,for,me,forsake,didst,thou,that,say
tell,acquaintance,old,our,of,haply,and
wronk,it,do,should,profane,much,too,i,lest
dwell,shall,more,no,name,beloved,sweet,thy
tongue,my,in,and,walks,thy,from,absent,be
after-loss,an,for,in,drop,not,do,and
bow,me,make,fortune,of,spite,the,with,join
cross,to,deeds,my,bent,is,world,the,while,now
now,ever,if,wilt,thou,when,me,hate,then
might,fortune's,of,worst,very,the,first,at
taste,i,shall,so,come,onset,the,in,but
spite,their,done,have,griefs,petty,other,when
last,me,leave,not,do,me,leave,wilt,thou,if
horse,their,in,some,hounds,and,hawks,their,in,some
ill,new-fangled,though,garments,their,in,some
force,body's,their,in,some,wealth,their,in,some
skill,their,in,some,birth,their,in,glory,some
boast,i,pride,men's,all,of,thee,having,and
be,horses,and,hawks,than,delight,more,of
costs,garments,than,prouder,wealth,than,richer
me,to,birth,high,than,better,is,love,thy
thine,of,love,that,upon,depends,it,for
stay,will,love,thy,than,longer,no,life,and
mine,assured,art,thou,life,of,term,for
away,self,thy,steal,to,worst,thy,do,but
die,to,happy,love,thy,have,to,happy
find,i,do,title,happy,a,what,o
lie,doth,revolt,thy,on,life,my,that,since
mind,inconstant,with,me,vex,not,canst,thou
place,other,in,heart,thy,me,with,looks,thy
new,altered,though,me,to,love,seem,still,may
face,love's,so,husband,deceived,a,like
true,art,thou,supposing,live,i,shall,so
tell,sweetness,but,thence,nothing,should,looks,thy
be,workings,heart's,thy,or,thoughts,thy,whate'er
dwell,ever,should,love,sweet,face,thy,in,that
decree,did,creation,thy,in,heaven,but
slow,temptation,to,and,cold,unmoved
stone,as,themselves,are,others,moving,who
show,do,most,they,thing,the,do,not,do,that
none,do,will,and,hurt,to,power,have,that,they
dignity,his,outbraves,weed,basest,the
meet,infection,base,with,flower,that,if,but
die,and,live,only,it,self,it,to,though
sweet,summer,the,to,is,flower,summer's,the
enclose,sins,thy,thou,dost,sweets,what,in,o
name,budding,thy,of,beauty,the,spot,doth
rose,fragrant,the,in,canker,a,like,which
shame,the,make,thou,dost,lovely,and,sweet,how
see,can,eyes,that,fair,to,turns,things,all,and
blot,every,cover,doth,veil,beauty's,where
thee,out,chose,habitation,their,for,which
got,vices,those,have,mansion,a,what,o
resort,thee,to,that,graces,faults,mak'st,thou
less,and,more,of,loved,are,faults,and,grace,both
sport,gentle,and,youth,is,grace,thy,say,some
wantonness,some,youth,is,fault,thy,say,some
state,thy,all,of,strength,the,use,wouldst,thou,if
away,lead,thou,mightst,gazers,many,how
translate,looks,his,could,he,lamb,a,like,if
betray,wolf,stern,the,might,lambs,many,how
everywhere,bareness,december's,old,what
seen,days,dark,what,felt,i,have,freezings,what
year,fleeting,the,of,pleasure,the,thee,from
been,absence,my,hath,winter,a,like,how
mute,are,birds,very,the,away,thou,and
thee,on,wait,pleasures,his,and,summer,for
fruit,unfathered,and,orphans,of,hope,but
me,to,seemed,issue,abundant,this,yet
him,with,leaped,and,laughed,saturn,heavy,that
thing,every,in,youth,of,spirit,a,put,hath
trim,his,all,in,dressed,april,proud-pied,when
spring,the,in,absent,been,i,have,you,from
those,all,of,pattern,you,you,after,drawn
delight,of,figures,but,sweet,but,were,they
rose,the,in,vermilion,deep,the,praise,nor
white,lily's,the,at,wonder,i,did,nor
dwells,complexion,for,check,soft,thy,on,which
pride,purple,the,breath,love's,my,from,not,if
smells,that,sweet,thy,steal,thou,didst,whence,thief,sweet
chide,i,did,thus,violet,forward,the
growth,his,all,of,pride,in,theft,his,for,but
breath,thy,annexed,had,robbery,his,to,and
both,of,stol'n,had,white,nor,red,nor,third,a
despair,white,another,shame,blushing,one
light,subjects,base,lend,to,power,thy,darkening
song,worthless,some,on,fury,thy,thou,spend'st
might,thy,all,thee,gives,which,that,of,speak,to
long,so,forget'st,thou,that,muse,thou,art,where
everywhere,despised,spoils,time's,make,and
decay,to,satire,a,be,any,if
there,graven,wrinkle,any,have,time,if
survey,face,sweet,love's,my,muse,resty,rise
dignified,therein,and,too,thou,dost,so
depends,love,my,on,beauty,and,truth,both
dyed,beauty,in,truth,of,neglect,thy,for
amends,thy,be,shall,what,muse,truant,o
be,to,yet,ages,of,praised,be,to,and
tomb,gilded,a,outlive,much,him,make,to
thee,in,lies,for't,so,silence,not,excuse
dumb,be,thou,wilt,praise,no,needs,he,because
where,every,publish,doth,tongue,owner's,the
esteeming,rich,whose,merchandized,is,love,that
appear,show,the,less,though,less,not,love,i
seeming,in,weak,more,though,strengthened,is,love,my
delight,dear,their,lose,common,grown,sweets,and
bough,every,burthens,music,wild,that,but
night,the,hush,did,hymns,mournful,her,when,than
now,pleasant,less,is,summer,the,that,not
beside,praise,added,my,hath,it,when,than
worth,more,of,is,bare,all,argument,the
pride,her,show,to,scope,a,such,having,that
forth,brings,muse,my,poverty,what,alack
tell,to,gifts,your,and,graces,your,of,than
tend,verses,my,pass,other,no,to,for
well,was,before,that,subject,the,mar,to
mend,to,striving,then,sinful,not,it,were
pride,summers,three,shook,forests,the,from,have
cold,winters,three,still,beauty,your,seems,such
eyed,i,eye,your,first,when,were,you,as,for
old,be,can,never,you,friend,fair,me,to
deceived,be,may,eye,mine,and,motion,hath
stand,doth,still,methinks,which,hue,sweet,your,so
perceived,pace,no,and,figure,his,from,steal
hand,dial,a,like,beauty,doth,yet,ah
so,ever,and,such,still,one,of,one,to
be,praises,and,songs,my,alike,all,since
show,idol,an,as,beloved,my,nor
idolatry,called,be,love,my,not,let
affords,scope,wondrous,which,one,in,themes,three
spent,invention,my,is,change,this,in,and
words,other,to,varying,true,and,kind,fair
argument,my,all,is,true,and,kind,fair
knights,lovely,and,dead,ladies,of,praise,in
rhyme,old,beautiful,making,beauty,and
wights,fairest,the,of,descriptions,see,i
time,wasted,of,chronicle,the,in,when
sing,to,worth,your,enough,skill,not,had,they
eyes,divining,with,but,looked,they,for,and
prefiguring,you,all,time,our,this,of
prophecies,but,are,praises,their,all,so
doom,confined,a,to,forfeit,as,supposed
control,love,true,my,of,lease,the,yet,can
come,to,things,on,dreaming,world,wide,the,of
soul,prophetic,the,nor,fears,own,mine,not
tribes,speechless,and,dull,o'er,insults,he,while
rhyme,poor,this,in,live,'ll,i,him,of,spite,since
subscribes,me,to,death,and,fresh,looks,love,my
time,balmy,most,this,of,drops,the,with,now
merit,dear,thy,or,love,my,express,may,that
register,to,now,what,speak,to,new,what's
spirit,true,my,thee,to,figured,not,hath,which
character,may,ink,that,brain,the,in,what's
page,his,aye,for,antiquity,makes,but
place,wrinkles,necessary,to,gives,nor
age,of,injury,and,dust,the,not,weighs
case,fresh,love's,in,love,eternal,that,so
lie,doth,breast,thy,in,which,soul,my,from,as
depart,self,my,from,i,might,easy,as
qualify,to,flame,my,seemed,absence,though
heart,of,false,was,i,that,say,never,o
good,of,sum,thy,all,nothing,for,leave,to
stained,be,preposterously,so,could,it,that
blood,of,kinds,all,besiege,that,frailties,all
reigned,nature,my,in,though,believe,never
new,affections,of,offences,old,made
dear,most,is,what,cheap,sold,thoughts,own,mine,gored
view,the,to,motley,a,self,my,made,and
there,and,here,gone,have,i,true,'tis,alas
confined,am,i,whom,to,love,in,god,a
friend,older,an,try,to,proof,newer,on
grind,will,more,never,i,appetite,mine
end,no,have,shall,what,have,done,is,all,now
breeds,manners,public,which,means,public,than
provide,life,my,for,better,not,did,that
deeds,harmful,my,of,goddess,guilty,the
chide,fortune,with,you,do,sake,my,for,o
correction,correct,to,penance,double,nor
think,bitter,will,i,that,bitterness,no
infection,strong,my,'gainst,eisel,of,potions
drink,will,i,patient,willing,a,like,whilst
allow,good,my,bad,my,o'er-green,you,so
ill,or,well,me,calls,who,i,care,what,for
brow,my,upon,stamped,scandal,vulgar,which
fill,impression,th,doth,pity,and,love,your
dispense,do,i,neglect,my,with,how,mark
are,stopped,flatterer,to,and,critic,to
sense,adder's,my,that,voices,others,of
care,all,throw,i,abysm,profound,so,in
out,is,effectually,but,seeing,seems
blind,partly,is,and,function,his,part,doth
about,go,to,me,governs,which,that,and
mind,my,in,is,eye,mine,you,left,i,since
feature,your,to,them,shapes,it,dove,or,crow,the
night,or,day,the,sea,the,or,mountain,the
creature,deformed'st,or,favour,sweet,most,the
sight,gentlest,or,rud'st,the,see,it,if,for
alchemy,this,it,taught,love,your,that,and
true,saith,eye,mine,say,i,shall,whether,or
flattery,this,plague,monarch's,the,up,drink
you,with,crowned,being,mind,my,doth,whether,or
cup,the,prepare,doth,palate,his,to,and
'greeing,is,gust,his,with,what,knows,well,eye,mine
up,it,drinks,kingly,most,mind,great,my,and
seeing,my,in,flattery,is,'t,first,the,'tis,o
clearer,burn,afterwards,should,flame,full,most,my
why,reason,no,knew,judgment,my,then,yet
dearer,you,love,not,could,i,said,that,those,even
lie,do,writ,have,before,i,that,lines,those
rest,the,of,doubting,present,the,crowning
incertainty,o'er,certain,was,i,when
',best,you,love,i,'now,say,then,not,i,might
tyranny,time's,of,fearing,why,alas
remove,to,remover,the,with,bends,or
finds,alteration,it,when,alters,which
love,not,is,love,impediments,admit
minds,true,of,marriage,the,to,not,me,let
doom,of,edge,the,to,even,out,it,bears,but
weeks,and,hours,brief,his,with,not,alters,love
come,compass,sickle's,bending,his,within
cheeks,and,lips,rosy,though,fool,time's,not,love's
day,by,day,me,tie,do,bonds,all,whereto
call,to,love,dearest,your,upon,forgot
repay,deserts,great,your,should,i,wherein
all,scanted,have,i,that,thus,me,accuse
hate,wakened,your,in,me,at,not,shoot,but
frown,your,of,level,the,within,me,bring
accumulate,surmise,proof,just,on,and
down,errors,and,wilfulness,my,both,book
purge,we,when,sickness,shun,to,sicken,we
unseen,maladies,our,prevent,to,as
urge,palate,our,we,compounds,eager,with
keen,more,appetite,our,make,to,as,like
cured,be,ill,by,would,goodness,of,rank,which
state,healthful,a,medicine,to,brought,and
assured,faults,to,grew,not,were,that,ills,the
anticipate,t,love,in,policy,thus
win,to,self,my,saw,i,when,losing,still
fears,to,hopes,and,hopes,to,fears,applying
within,hell,as,foul,limbecks,from,distilled
tears,siren,of,drunk,i,have,potions,what
greater,far,strong,more,first,at,than,fairer,grows
anew,built,is,it,when,love,ruined,and
better,made,still,evil,by,is,better,that
true,find,i,now,ill,of,benefit,o
steel,hammered,or,brass,were,nerves,my,unless
bow,transgression,my,under,i,must,needs
feel,did,then,i,which,sorrow,that,for,and
now,me,befriends,unkind,once,were,you,that
fits,bosoms,wounded,which,salve,humble,the
tendered,then,me,to,you,as,you,to,soon,and
hits,sorrow,true,hard,how,sense,deepest,my
remembered,have,might,woe,of,night,our,that,o
seeing,others,by,but,feeling,our,by,not
deemed,so,is,which,lost,pleasure,just,the,and
being,of,reproach,receives,be,to,not,when
esteemed,vile,than,vile,be,to,better,'tis
shown,be,not,must,deeds,my,thoughts,rank,their,by
bevel,be,themselves,they,though,straight,be,may,i
own,their,up,reckon,abuses,my,at
level,that,they,and,am,i,that,am,i,no
eternity,to,even,date,all,beyond
remain,rank,idle,that,above,shall,which
memory,lasting,with,charactered,full
brain,my,within,are,tables,thy,gift,thy
more,thee,receive,that,tables,those,trust,to
bold,i,was,me,from,them,give,to,therefore
score,to,love,dear,thy,tallies,i,need,nor
hold,much,so,not,could,retention,poor,that
sight,former,a,of,dressings,but,are,they
strange,nothing,novel,nothing,are,me,to
might,newer,with,up,built,pyramids,thy
change,do,i,that,boast,not,shalt,thou,time,no
haste,continual,thy,by,less,or,more,made
lie,doth,see,we,what,and,records,thy,for
past,the,nor,present,the,at,wond'ring,not
defy,both,i,thee,and,registers,thy
gathered,flowers,with,flowers,or,weeds,among,weeds
hate,time's,to,or,love,time's,to,subject,as
unfathered,be,bastard,fortune's,for,might,it
state,of,child,the,but,were,love,dear,my,if
showers,with,drowns,nor,heat,with,grows,nor,it,that
politic,hugely,stands,alone,all,but
hours,short-numbered,of,leases,on,works,which
heretic,that,policy,not,fears,it
ruining,or,waste,than,short,more,proves,which
eternity,for,bases,great,laid,or
honouring,outward,the,extern,my,with
canopy,the,bore,i,me,to,aught,were't
thee,for,me,only,render,mutual,but
art,no,knows,seconds,with,mixed,not,is,which
free,but,poor,oblation,my,thou,take,and
heart,thy,in,obsequious,be,me,let,no
grow'st,self,sweet,thy,as,withering,lovers,thy
show'st,therein,and,grown,waning,by,hast,who
hour,fickle,his,glass,fickle,time's,hold,dost
power,thy,in,who,boy,lovely,my,thou,o
thee,render,to,is,quietus,her,and
be,must,answered,delayed,though,audit,her
treasure,her,keep,still,not,but,detain,may,she
pleasure,her,of,minion,thou,o,her,fear,yet
shame,bastard,a,with,slandered,beauty,and
heir,successive,beauty's,black,is,now,but
name,beauty's,not,bore,it,were,it,if,or
fair,counted,not,was,black,age,old,the,in
esteem,false,a,with,creation,slandering
lack,beauty,no,fair,born,not,who,such,at
seem,mourners,they,and,suited,so,eyes,her
black,raven,are,eyes,mistress,my,therefore
confounds,ear,mine,that,concord,wiry,the
sway'st,gently,thou,when,fingers,sweet,thy,with
sounds,motion,whose,wood,blessed,that,upon
play'st,music,music,my,thou,when,oft,how
lips,living,than,blest,more,wood,dead,making
gait,gentle,with,walk,fingers,thy,whom,o'er
chips,dancing,those,with,situation,and
state,their,change,would,they,tickled,so,be,to
trust,to,not,cruel,rude,extreme,savage
blame,of,full,bloody,murd'rous,perjured,is
lust,action,till,and,action,in,lust,is
shame,of,waste,a,in,spirit,of,expense,th
dream,a,behind,proposed,joy,a,before
woe,very,a,proved,and,proof,in,bliss,a
extreme,have,to,quest,in,and,having,had
so,possession,in,and,pursuit,in,mad
head,her,on,grow,wires,black,wires,be,hairs,if
dun,are,breasts,her,then,why,white,be,snow,if
red,lips,her,than,red,more,far,is,coral
sun,the,like,nothing,are,eyes,mistress,my
ground,the,on,treads,walks,she,when,mistress,my
go,goddess,a,saw,never,i,grant,i
sound,pleasing,more,far,a,hath,music,that
know,i,well,yet,speak,her,hear,to,love,i
jewel,precious,most,and,fairest,the,art,thou
heart,doting,dear,my,to,know'st,thou,well,for
cruel,them,make,proudly,beauties,whose,those,as
art,thou,as,so,tyrannous,as,art,thou
place,judgment's,my,in,fairest,is,black,thy
bear,witness,do,neck,another's,on,one
face,thy,on,thinking,but,groans,thousand,a
swear,i,false,not,is,that,sure,be,to,and
pain,my,upon,ruth,pretty,with,looking
be,mourners,loving,and,black,on,put,have
disdain,with,me,torment,heart,thy,knowing
me,pitying,as,they,and,love,i,eyes,thine
part,every,in,like,pity,thy,suit,and
grace,thee,doth,mourning,since,me,for,mourn,to
heart,thy,beseem,well,as,then,it,let,o
face,thy,become,eyes,mourning,two,those,as
be,must,friend,sweet'st,my,slavery,to,slave,but
alone,me,torture,to,enough,not,is't
me,and,friend,my,gives,it,wound,deep,that,for
groan,to,heart,my,makes,that,heart,that,beshrew
gaol,my,in,rigour,use,then,not,canst,thou
guard,his,be,heart,my,let,me,keeps,whoe'er
bail,heart,poor,my,let,heart,friend's,my,then,but
ward,bosom's,steel,thy,in,heart,my,prison
still,comfort,my,be,to,restore,wilt,thou
mine,other,that,so,forfeit,'ll,i,self,my
will,thy,to,mortgaged,am,self,my,i,and
thine,is,he,that,confessed,have,i,now,so
abuse,unkind,my,through,lose,i,him,so
sake,my,for,debtor,came,friend,a,sue,and
use,to,all,forth,put'st,that,usurer,thou
take,wilt,thou,beauty,thy,of,statute,the
thus,addition,making,will,sweet,thy,to
still,thee,vex,that,i,am,enough,than,more
over-plus,in,'will,and,boot,to,'will,and
will,thy,hast,thou,wish,her,hath,whoever
more,will,large,thy,make,to,mine,of,will,one
will,thy,to,add,will,in,rich,being,thou,so
store,his,to,addeth,abundance,in,and
still,rain,receives,yet,water,all,sea,the
fulfil,sweet,love-suit,my,love,for,far,thus
there,admitted,is,knows,soul,thy,will,and
,,'will,thy,was,i,that,soul,blind,thy,to,swear
near,so,come,i,that,thee,check,soul,thy,if
thee,to,sweet,something,a,me,nothing,that
hold,thee,please,it,so,me,hold,nothing,for
be,must,one,i,account,store's,thy,in,though
untold,pass,me,let,number,the,in,then
be,to,worst,the,take,is,best,the,what,yet
lies,it,where,see,is,beauty,what,know,they
see,they,what,not,see,and,behold,they,that
eyes,mine,to,thou,dost,what,love,fool,blind,thou
face,a,foul,so,upon,truth,fair,put,to
not,is,this,say,this,seeing,eyes,mine,or
place,common,world's,wide,the,knows,heart,my,which
plot,several,a,that,think,heart,my,should,why
subtleties,false,world's,the,in,unlearned
youth,untutored,some,me,think,might,she,that
lies,she,know,i,though,her,believe,do,i
truth,of,made,is,she,that,swears,love,my,when
told,years,have,to,not,loves,love,in,age,and
trust,seeming,in,is,habit,best,love's,o
old,am,i,that,i,not,say,wherefore,and
unjust,is,she,not,she,says,wherefore,but
art,by,not,me,slay,and,power,with,power,use
tongue,thy,with,but,eye,thine,with,not,me,wound
heart,my,upon,lays,unkindness,thy,that
wrong,the,justify,to,me,not,call,o
injuries,their,dart,might,elsewhere,they,that
foes,my,turns,she,face,my,from,therefore,and
enemies,mine,been,have,looks,pretty,her
knows,well,love,my,ah,thee,excuse,me,let
pain,pity-wanting,my,of,manner,the
express,words,and,words,me,lend,sorrow,lest
disdain,much,too,with,patience,tongue-tied,my
press,not,do,cruel,art,thou,as,wise,be
be,believed,ears,mad,by,slanderers,mad
bad,so,grown,is,world,ill-wresting,this,now
thee,of,ill,speak,might,madness,my,in,and
mad,grow,should,i,despair,should,i,if,for
dote,to,pleased,is,view,of,despite,in,who
despise,they,what,loves,that,heart,my,'tis,but
note,errors,thousand,a,thee,in,they,for
eyes,mine,with,thee,love,not,do,i,faith,in
be,to,wretch,vassal,and,slave,heart's,proud,thy
man,a,of,likeness,the,unswayed,leaves,who
thee,serving,from,heart,foolish,one,dissuade
can,senses,five,my,nor,wits,five,my,but
reproving,not,merits,it,find,shalt,thou,and
state,own,thine,thou,compare,mine,with,but,o
loving,sinful,on,grounded,sin,my,of,hate
hate,virtue,dear,thy,and,sin,my,is,love
be,pitied,to,deserve,may,pity,thy
grows,it,when,that,heart,thy,in,pity,root
thee,importune,mine,as,woo,eyes,thine,whom
those,lov'st,thou,as,thee,love,i,lawful,it,be
stay,have,would,she,thing,the,of,pursuit,in
dispatch,swift,all,makes,and,babe,her,down,sets
away,broke,creatures,feathered,her,of,one
catch,to,runs,huswife,careful,a,as,lo
kind,be,me,kiss,part,mother's,the,play,and
me,to,back,turn,hope,thy,catch,thou,if,but
behind,afar,thee,chase,babe,thy,i,whilst
thee,from,flies,which,that,after,thou,run'st,so
ill,coloured,woman,a,spirit,worser,the
fair,right,man,a,is,angel,better,the
still,me,suggest,do,spirits,two,like,which
despair,and,comfort,of,have,i,loves,two
hell,another's,in,angel,one,guess,i
friend,each,to,both,me,from,both,being,but
tell,directly,not,yet,may,i,suspect
fiend,turned,be,angel,my,that,whether,and
state,woeful,my,saw,she,when,but
sake,her,for,languished,that,me,to
,,hate,'i,said,that,sound,the,forth,breathed
make,did,hand,own,love's,that,lips,those
away,flown,is,hell,to,heaven,from
fiend,a,like,who,night,follow,doth
day,gentle,as,it,followed,that
end,an,with,altered,she,hate,'i
gay,costly,so,walls,outward,thy,painting
dearth,suffer,and,within,pine,thou,dost,why
array,powers,rebel,these,earth,sinful,my
earth,sinful,my,of,centre,the,soul,poor
more,no,rich,be,without,fed,be,within
dross,of,hours,selling,in,divine,terms,buy
store,thy,aggravate,to,pine,that,let,and
loss,servant's,thy,upon,thou,live,soul,then
please,to,appetite,sickly,uncertain,th
ill,the,preserve,doth,which,that,on,feeding
disease,the,nurseth,longer,which,that,for
still,longing,fever,a,as,is,love,my
expressed,vainly,truth,the,from,random,at
are,men's,mad,as,discourse,my,and,thoughts,my
unrest,evermore,with,frantic-mad,and
care,past,is,reason,now,am,i,cure,past
aright,see,they,what,falsely,censures,that
fled,judgment,my,is,where,have,they,if,or
sight,true,with,correspondence,no,have,which
head,my,in,put,love,hath,eyes,what,me,o
clears,heaven,till,not,sees,self,it,sun,the
view,my,mistake,i,though,then,marvel,no
tears,with,and,watching,with,vexed,so,is,that
true,be,eye,love's,can,how,o,it,can,how
sake,thy,for,all-tyrant,self,my,of,am
forgot,i,when,thee,on,think,not,i,do
partake,thee,with,self,my,against,i,when
not,thee,love,i,say,cruel,o,thou,canst
eyes,thine,of,motion,the,by,commanded
defect,thy,worship,doth,best,my,all,when
despise,to,service,thy,proud,so,is,that
respect,self,my,in,i,do,merit,what
day,the,grace,not,doth,brightness,that,swear,and
sight,true,my,to,lie,the,give,me,make,to
sway,to,heart,my,insufficiency,with
might,powerful,this,thou,hast,power,what,from,o
state,my,abhor,not,shouldst,thou,others,with
abhor,do,others,what,love,i,though,o
hate,of,cause,just,see,and,hear,i,more,the
more,thee,love,me,make,to,how,thee,taught,who
prove,self,sweet,thy,faults,my,of,guilty,lest
amiss,my,not,urge,cheater,gentle,then
love,of,born,is,conscience,not,knows,who,yet
is,conscience,what,know,to,young,too,is,love
side,thy,by,fall,affairs,thy,in,stand,to
be,to,drudge,poor,thy,contented,is,he
pride,this,of,proud,prize,triumphant,his,as
thee,out,point,doth,name,thy,at,rising,but
bearing,love,new,after,hate,new,vowing,in
torn,faith,new,and,broke,bed-vow,thy,act,in
swearing,love,me,to,forsworn,twice,art,thou,but
forsworn,am,i,know'st,thou,thee,loving,in
see,they,thing,the,against,swear,them,made,or
blindness,to,eyes,gave,thee,enlighten,to,and
constancy,thy,truth,thy,love,thy,of,oaths
kindness,deep,thy,of,oaths,deep,sworn,have,i,for
ground,that,of,valley-fountain,cold,a,in
steep,quickly,did,fire,love-kindling,his,and
found,advantage,this,dian's,of,maid,a
asleep,fell,and,brand,his,by,laid,cupid
guest,distempered,sad,a,hied,thither,and
desired,bath,of,help,the,withal,sick,i
breast,my,touch,would,needs,trial,for,boy,the
new-fired,brand,love's,eye,mistress,my,at,but
hand,maiden,her,in,but,by,tripping,came
keep,to,life,chaste,vowed,that,nymphs,many,whilst
brand,heart-inflaming,his,side,his,by,laid
asleep,once,lying,love-god,little,the
sight,victor's,the,at,trembling,captives,like
bands,soft,love's,in,hold,and,you,handle,shall
might,dead-doing,their,in,life,my,hold,which
hands,lily,those,as,when,leaves,ye,happy
bliss,heaven's,my,food,long-lacked,soul's,my
look,blessed,angel's,that,behold,ye,when
is,derived,she,whence,helicon,of
brook,sacred,the,in,bath'd,rhymes,happy,and
art,woxen,thou,womb,my,then,greater,till
fed,sorrows,and,sighs,with,have,sithens,and
heart,love-pined,my,of,bale,inward,th,of
bred,i,first,the,at,whom,thought,unquiet
entreat,me,for,grace,and,thee,for,pardon
mood,afflicted,and,humbless,meek,with,and
feet,her,at,lowly,fall,come,to,chance,thou
proud,fairest,that,of,presence,in,if,but
raised,baseness,from,her,by,spirit,frail,my,in
fire,heavenly,kindled,hath,whereof,light,the
praised,be,to,worthy,how,world,the,witness
admire,do,i,which,beauty,sovereign,thou
wonderment,fancy's,with,is,ravished,it
true,titles,her,write,would,pen,my,when,and
astonishment,thought's,with,is,stopped,it
due,praises,her,speak,would,tongue,my,when,so
sprite,dumpish,in,die,to,thoughts,old,all,bids
date,passed,his,adieu,old,th,bidding,and
delight,new,of,hope,promise,to,seem,doth
gate,janus,of,out,looking,forth,year,new
weave,mantle,fair,her,and,herself,deck,to
flower,colored,diverse,with,earth,the,warns,and
receive,to,him,forth,come,to,ready,is
hour,timely,his,in,now,spring,lusty,for
envied,most,unworthy,world,the,of,is
admire,her,in,most,do,i,which,thing,the
pride,portly,too,her,with,fault,finding,in
desire,heart's,dear,my,wrongest,thou,rudely
enemies,all,of,defiance,in,spreads
banner,goodly,a,like,countenance,fair,her,and
eyes,her,in,bears,innocence,boldened,that
honor,is,portliness,such,praise,is,pride,such
abide,will,firmer,the,won,harder,the
kind,baser,of,lusts,to,like,not,love,and
pride,rebellious,her,in,persist,still,doth
mind,unmoved,her,that,dismayed,not,be
sever,can,death,but,naught,that,affects,chaste,with
entire,parts,the,dints,that,wound,the,is,deep
ever,for,endure,shall,that,breast,gentle,in
desire,new,kindle,to,is,it,hard,so
view,mighty,your,of,object,the,into
dart,you,from,forth,death,and,life,both,which,the
you,in,contained,is,virtue,wondrous,what
heart,mazed,my,of,mirror,the,eyes,fair
breast,my,within,fire,living,kindle,may
admired,eyes,weak,my,of,beams,bright,your,that
best,you,becomes,as,lovely,ever,look
desired,death,than,more,is,life,that,since,but
dear,counted,be,else,naught,world,the,to,that
conspire,powers,all,which,in,joys,but,eyes,no
near,maker,the,unto,above,kindled
fire,living,the,of,full,fair,most,than,more
weak,virtue,your,by,but,cause,your,through,strong
begin,did,passion,that,storm,the,calm,you
speak,to,heart,my,teach,and,tongue,my,stop,you
within,me,fashion,and,thoughts,my,frame,you
light,goodly,their,of,th'image,resemble
dare,i,which,to,earth,on,nought,i,find,yet
sprite,dark,my,lighten,which,eyes,powerful,those
compare,might,i,what,to,sought,i,long-while
her,offend,mought,baseness,such,glass,unto,nor
sever,them,may,nought,for,crystal,unto,nor
tender,more,are,they,for,diamond,the,to,nor
persever,still,they,for,lightening,the,to,nor
me,and,thee,both,scorning,freewill,her,of
bliss,licentious,in,lordeth,she,whiles,the
be,tormented,thus,makest,thou,me,that
this,is,law,what,love,of,lord,unrighteous
enroll,book,black,thy,in,faults,her,all,and
make,baser,a,to,bow,pride,world's,this,all
comptroll,doth,she,which,with,look,high,that,and
shake,little,a,thou,do,heart,proud,her,but
renew'th,war,weary,the,and,battle,to
address,herself,doth,warrior,cruel,she
truth,my,for,offer,do,hostages,and
peace,for,sew,and,seek,do,i,when,daily
die,me,let,not,will,and,live,me,force,to
turmoil,and,torment,with,seeks,she,then,but
pacify,to,wrath,her,yield,her,would,i
assoyle,to,sorrows,all,life,poor,my,yet
train,treason's,in,entrap,to,me,sought,which
enemies,false,so,of,then,fearless,all
entertain,to,terms,and,truce,a,make,to
eyes,heart-thrilling,her,with,sought,i,day,one
bands,cruel,in,kept,me,since,ever,have
wrong,rigorous,with,straight,captiving,me,who
hands,their,into,myself,yield,to,forced,was
strong,so,brunt,the,t'abide,i,feeble,too
descry,may,ye,temperature,goodly,most
embaseth,low,eyelids,her,ground,the,to,and
sky,the,to,up,rears,she,face,fair,her,whiles
graceth,goodly,so,her,which,port,proud,that,in
slime,drossy,with,thoughts,heavenly,hinders,that
forlorn,and,lothsome,as,earth,down,treading
climb,may,heaven,to,she,how,think,and,thing,base
scorn,to,seems,countenance,lofty,same,that,but
light,so,repulse,one,for,peace,a,fair,so
afraid,one,like,leave,to,is,it,shame,great
quite,abondon'd,you,by,siege,the,unto
dismayed,late,forces,my,again,return
convert,love,proudest,the,can,engines,those
dismay,and,sorrow,ruth,vows,prayers,plaints
heart,her,to,battery,incessant,lay,and
may,ye,that,forces,the,all,therefore,bring
vain,in,far,so,seek,to,you,needeth,what
spoil,treasures,their,of,indias,the,both,and
gain,your,make,to,things,precious,most,seek,do
toil,weary,with,that,merchants,tradefull,ye
sheen,silver,are,hands,fair,her,silver,if
ground,on,gold,finest,are,locks,her,gold,if
weene,ivory,forhead,her,ivory,if
round,and,pure,both,pearls,be,teeth,her,pearls,if
delight,look's,her,of,illusion,sweet,through
amaze,in,stood,heart,'stonished,my,whiles,the
light,immortal,love's,my,eyes,fair,those,on
gaze,did,unwarily,i,as,day,one
dart,misintended,his,broke,damsel,the
eye,her,of,twinkle,with,suddenly,when
heart,very,my,at,arrow,his,aiming
spy,did,i,closely,archers,those,of,one
fill,her,express,can,pencil,what,pen,what
embase,to,glory,worthless,world's,this,and
skill,confused,men's,weak,amaze,to,made
face,angel's,that,of,portrait,glorious,the
art,any,by,be,expressed,not,can
pride,lofty,the,and,pleasance,lovely,the
heart,the,from,sense,rob,that,smiles,charming,the
glide,arrows,like,that,eye-glances,sweet,the
wear,continuance,in,doth,flint,firmest,the
redound,do,often,that,drops,drizling,and
tear,doth,time,of,tract,in,steel,hardest,the
round,often,runneth,that,wheel,rolling,the
laughter,to,herself,turns,she,wail,i,when,and
art,the,know,i,says,she,sigh,i,when,and
water,but,are,tears,says,she,weep,i,when,and
part,my,play,me,bids,she,plead,i,when,but
crowned,garland,with,forth,coming,is,now,who
king,their,upon,wait,lovers,all,warns,that
sounded,already,thrice,hath,shrill,trumpet,his
spring,of,messenger,cuckoo,merry,the
nought,at,set,message,idle,his,doth,and
disobeys,proudly,precept,his,she,but
ought,it,most,that,her,of,heard,was,word,no
raise,honor,love's,did,which,all,them,'mongst,but
floor,lowly,the,in,down,life,my,tread,and
place,doth,neck,my,in,she,foot,her,whiles,the
pour,her,before,heart,humbled,mine,do,and
grace,for,her,to,sue,and,seek,i,vain,in
cruelness,her,in,glory,taketh,but
defiled,blood,guiltless,with,be,to,not,shames
lioness,or,lion,either,then
wild,savage,more,and,cruel,more,she,but
grace,beauty's,her,t'adorn,appear,both,do
part,equal,by,mixed,meekness,and,pride,that
face,her,of,feature,the,so,tempered,which
art,of,or,nature,of,work,the,it,was
away,drives,me,frown,her,draws,me,smile,her
recure,straight,it,doth,another,with,and
dismay,life,my,doth,she,look,one,with,that
inure,doth,she,eyes,her,terms,strange,such,with
find,will,fit,service,some,saint,sweet,my,for
day,holy,so,on,likewise,i,therefore
inclined,be,to,ought,devotion,to,men
pray,and,fast,to,fit,season,holy,this
desire,chaste,and,pure,of,flames,in,burning
sacrifice,will,heart,my,same,the,on,and
ire,her,appease,to,altar,an,build,will
bliss,my,of,th'author,as,her,to,i,there
unreave,again,did,she,night,at,same,the
make,did,day,all,she,that,work,the,which,in
deceive,to,wooers,her,web,a,devised
sake,ulysses,her,for,penelope
rend,doth,work,year's,whole,my,word,one,with,and
spun,i,long,that,spills,she,look,one,with,for
end,to,bring,never,and,begin,must,i
begun,i,that,end,to,think,i,when,so
art,maker's,the,admire,and,honor,i
complement,only,the,skill,nature's,of
part,goodly,each,of,perfection,rare,and
wonderment,beauty's,that,behold,i,when
offend,did,they,which,with,faults,their,all,for
be,should,scourge,a,men,wicked,to,she,that
send,to,heaven,from,world,sinful,this,into
agree,did,council,in,gods,the,all,whom
doubtfully,depending,hope,and,fear,'twixt
unsure,terms,in,away,wear,and,waste,but
mystery,own,her,of,end,no,know,and
endure,life,dying,like,this,shall,long,how
embrace,will,gladly,i,bliss,of,means,as
abide,i,which,wrecks,and,woes,the,all,then
grace,me,show,to,last,at,intent,close,a
hide,ye,breast,hardened,your,in,if,yet,but
rough,branches,his,but,firbloom,the,is,sweet
near,pricketh,but,eglantine,the,is,sweet
bough,his,sharp,but,juniper,the,in,sweet
briar,a,upon,grows,but,rose,the,is,sweet
store,little,but,set,do,men,of,sorts,most
will,at,got,be,may,that,things,easy,for
more,the,coveted,be,it,maketh,that
still,tempered,is,sour,with,sweet,every,so
weene,little,ye,thereof,now,ever,but
shroud,shall,itself,death,of,shade,the,in,and
unclean,dross,but,is,glory,world's,all,sith
proud,be,fair,should,why,me,tell,now,proud,fair
pain,thankless,her,with,purchase,you,to,shall
expire,shall,never,that,verse,this,what,but
remain,thereof,shall,mention,any,ne
inquire,it,after,shall,then,any,ne
inclined,me,to,seem,do,it,wearing,ye
bear,do,i,which,badge,the,is,it,since,for
mind,relenting,your,of,hope,great,me,gives
wear,do,day,this,you,which,leaf,laurel,the
tree,laurel,a,into,transform,her,did
ire,revengeful,their,in,gods,the,which,for
fly,did,him,from,shore,thessalian,the,on
fire,lovely,phoebus,scorning,daphne,proud
forlorn,quite,captive,her,myself,accounts
gave,her,unto,i,which,bay,the,by,and
scorn,disdainful,with,meaning,simple,my
deprave,doth,damsel,stubborn,the,how,see
all,over,blaze,fame,of,trump,in,may,i
exceeds,skill,my,which,triumph,great,her,that
thrall,faithful,her,as,me,accept,her,let
needs,challenge,conquest,the,will,she,sith,but
intreat,her,i,more,the,grows,harder,but
desire,so-hot,my,through,dissolved,not,is
great,so,cold,her,this,that,then,it,comes,how
fire,to,i,and,ice,to,like,is,love,my
device,wonderful,by,fire,kindle,should
cold,senseless,with,congealed,is,which,ice,and
ice,harden,should,melts,things,all,which,fire,that
told,be,may,thing,miraculous,more,what
deface,ornaments,pretty,those,all,and
part,better,other,each,depraves,pride,whose
grace,beauty's,of,gifts,goodly,so,given
heart,a,hard,so,to,nature,hath,why,ah
embrew,hands,cruel,her,thralls,poor,such,of
bath,bloody,in,may,better,the,she,that
hue,lovely,her,of,allurement,sweet,through
scath,greater,the,work,doth,one,proud,my,but
apply,list,it,he,what,to,fashion,and
beat,it,can,he,sledge,heavy,his,with,that
mollify,doth,soon,iron,hardest,the
heat,fervent,of,force,with,smith,painful,the
applied,be,her,to,which,plaints,the,all,with
smit,is,she,harder,the,grows,harder,and
pride,willful,her,in,frieseth,she,more,the
fit,my,sees,fervent,she,more,the,still,but
dead,praises,living,her,enlarge,mote,that
ed.ry,fa,of,queen,her,finishing,not
dread,dear,my,empress,sacred,most,that,to
deny,not,it,can,i,do,i,wrong,great
spoil,spirit,my,both,that,love,proud,a,of
fit,troublous,with,tossed,is,one,this,that,sins
toil,tedious,so,endure,to,ever,think
wit,another,without,i,should,then,how
astray,far,wander,doth,course,her,of,out
guide,trusty,her,dimmed,hath,storm,a,whenas
way,her,make,doth,star,some,of,conduct,by
wide,ocean,the,through,that,ship,a,like
grief,cloudy,my,clear,to,light,lovely,with
last,at,me,on,look,and,again,shine,will
life,my,of,lodestar,the,helice,my
past,is,storm,this,when,that,well,i,hope,yet
complain,not,having,and,pine,having,but
suffice,themselves,can,contentment,no,with
pain,their,of,object,the,behold,to,still
covetize,greedy,through,eyes,hungry,my
look,to,them,on,endure,more,no,can,and
before,like,did,they,which,things,the,loath,but
brook,they,else,nothing,that,sight,fair,that,of
store,the,with,filled,so,eyes,mine,are,yet
release,or,aswagement,of,hope,without
spend,langor,pining,in,days,my,all,but
cease,never,torment,ruthless,their,shall,or
end,have,woes,weary,these,shall,when,me,tell
maintained,long,honour,in,life,your,have,mote
dispise,ye,though,life,whose,him,slaying,by
gained,have,ye,glory,little,how,think,then
extermities,all,shewed,have,ye,when,but
told,be,scarce,may,hair,or,gold,is,which,that
dresses,them,cunningly,so,skill,sly,with,and
gold,of,net,a,under,attire,doth,she
tresses,golden,her,those,that,this,is,guile,what
get,shall,means,no,by,ye,bands,her,of,out
are,entrapped,ye,ever,if,which,in
net,guileful,that,on,rashly,too,henceforth
stare,do,ye,how,eyes,mine,therefore,heed,take
ease,to,death,from,him,dolphin,a,allured
make,did,harp,his,which,music,sweet,the,through
seas,greedy,the,into,thrown,was,forth,he
wrack,cruel,tempests,through,when,arion
praise,were,save,to,but,pitty,were,spill,to
spill,or,save,in,can,she,word,one,with,yet
decays,her,for,life,my,how,careless,all
still,persever,doth,she,pride,her,in,but
dart,thund'ring,with,threats,he,gods,the,all,when
jove,angry,temper,to,wonts,she,which,with
art,powerful,mother's,thy,all,expressing
love,of,queen,the,of,daughter,the,smile,sweet
glance,cheerful,that,of,fullness,the,on,fed
sadness,sorrow's,her,more,no,thence,feeling,and
trance,a,in,as,quite,ravished,was,soul,my
madness,heavenly,resembling,joy,with,rapt,whylest
sit,to,shade,in,as,graces,hundred,an
appear,do,sweetly,eyelid,each,on,when
it,liken,ye,can,whereto,me,tell,and
cheer,amiable,with,smiles,she,when,mark
head,drooping,their,up,lift,light,the,to,and
dismay,late,their,of,out,afresh,forth,comes
fled,was,den,his,to,that,beast,every,and
spray,on,sits,that,bird,each,whereof,sight,at
forgo,will,may,will,at,she,then,will,if
skill,with,mend,it,may,she,then,nature,if
foe,humbled,an,to,cruel,so,be,to
will,her,it,is,or,nature,her,it,is
spoil,piteous,her,make,to,last,at,means,she
tossed,tempest,love's,her,in,long,being,as
beguile,to,wretches,such,bait,a,but,is
boast,idle,beauty's,glorious,same,that,and
bane,my,embrace,do,and,love,i,more,the
augmenteth,it,sorrow,my,more,the,all,that
pain,extremest,my,in,is,pleasing,so
tormenteth,cruelly,so,me,which,love,the
restrain,it,strongly,assurance,safe,his
pervert,mote,which,loves,wandering,all,from,and
chain,adamant,with,bind,her,please,if,her,let
start,never,may,her,from,it,that,which,the
gall,overflowing,with,be,choked,or
break,will,heart,my,be,silent,i,if,and
shall,i,renew,wrath,her,speak,i,if,and
speak,i,shall,or,be,silent,then,i,shall
read,to,eyes,her,to,letters,love-learned
humility,meek,with,eyes,mine,eke,and
plead,to,cause,just,my,and,speak,to,teach,will
secretly,silence,with,heart,my,i,yet
bar,did,strife,their,harp,his,with,orpheus,then
fleece,golden,famous,the,of,forgetful
war,did,themselves,amongst,pride,stubborn,through
greece,of,peers,noble,renowned,those,when
fight,to,myself,against,fresh,battle,to
awake,do,passions,and,renew,grief,and
despight,foes,my,augment,more,i,do,then
take,i,harp,tuneless,my,hand,in,when,but
true,semblance,your,behold,like,lively,most
mean,i,self,inward,my,myself,in,and
view,to,evermore,for,self,goodly,your
clean,crystal,of,glass,your,in,lady,leave
appear,therein,would,crystal,than,dearer
visnomy,your,of,image,goodly,the
were,it,deformed,and,dimmed,sorrow,with
cruelty,your,through,that,not,it,were,and
stay,to,will,her,against,me,willing,as
sent,are,storms,hideous,most,heaven,from,then,but
way,my,wend,me,bids,straight,fair,cruel,my
spent,is,time,prefixed,abode's,my,when
wrack,sorely,too,me,together,both,will
she,and,you,both,else,or,storms,your,aswage
back,me,hold,not,can,tempests,your,all,sith
see,sorrow,this,all,that,heavens,high,ye,but
hide,do,baits,their,fish,foolish,the,from,that
hooks,golden,unto,but,like,are,they,for
tried,well,trains,guilefull,their,have,ye,until
looks,smiling,those,of,treason,the,not,trust
beguile,pain,of,themselves,do,dying,and
play,cruel,her,in,pleasure,take,they,that
smile,them,upon,and,lovely,look,eyes,her
slay,them,hands,bloody,her,whilst,even,yet
fire,greedy,the,unto,sacrifice,did
understand,well,cause,thy,could,she,ere,and
ire,her,avenge,to,matter,the,make,did
hand,cruel,too,whom,paper,innocent
smart,dying,his,of,passion,piteous,the
complained,her,to,he,when,hear,not,would,and
heart,his,of,anguish,the,forth,utter,to
contrained,grief,his,of,careless,all,she,whom
spill,than,save,to,think,glory,greater,and
jewel,mightiest,the,is,mercy,that,know,then
kill,to,power,have,eyes,your,because,it,is
cruel,and,fierce,so,you,are,why,cruel,fair
to,mercy,give,regard,merciful,with
lies,humbled,footstool,your,at,that,him,but
do,cockatrices,as,looks,with,kill,and
cruelties,your,of,th'utmost,feel,them,let
relief,best,body's,my,for,medicines,fit
apply,would,that,leach,a,me,to,came,there
grief,body's,my,of,and,wound,heart's,my,of
malady,double,in,languishing,long
art,physicians,pass,cordials,sweet,such,but
ease,shortly,have,shall,body,my,then,and
heart,wounded,my,of,langour,inward,the
appease,to,first,seek,cordials,some,with,then
fade,to,monuments,famous,their,let,ne
ages,many,through,endure,should,they,that,for
made,purpose,of,are,marble,hardest,of
images,fairest,that,see,not,i,do
endure,will,steadfast,more,then,it,that,and
bend,to,heart,stubborn,her,hope,i,do,so
allure,will,his,to,and,it,soften,mote
attend,would,that,he,but,hard,so,aught,ne
shield,knowen,and,arms,warlike,of,despoiled
heart,heavy,with,away,led,prisoner,is
field,the,lost,having,that,one,like,go,i
depart,her,from,i,homeward,as,oft,so
feed,torment,my,more,gladness,worlds,all,of
disdain,sad,dreary,and,dumps,sudden,but
breed,solace,my,may,that,approach,to,dare
vain,pleasure,or,joy,of,thought,no,let,there
prey,may,them,on,he,whilst,gaze,thm,let,to
hide,doth,head,dreadful,his,bush,a,within
fray,them,looks,his,that,but,beasts,all,please,doth
hide,spotted,his,that,knowing,panther,the
instrument,an,ill,too,be,to,shames,good
enbrew,to,gazers,her,bait,the,make,to
ornament,most,world's,the,be,to,for,made
view,in,divine,so,thing,is,it,shame,great
wits,troubled,my,diversely,disguising
play,pageants,the,all,that,me,beholding
sits,idly,spectator,the,like,love,my
stay,we,which,in,theatre,world's,this,of
heart,her,evermore,hardens,and,laughs,she
cry,i,when,and,mocks,she,laugh,i,when,but
smart,my,rues,nor,mirth,my,in,not,delights
eye,constant,with,me,beholding,she,yet
fair,cruel,so,once,at,made,her,which,the
mould,the,was,substance,what,of,marvel,i
compare,cruelty,her,do,therewith,and
behold,do,beauty,her,i,as,oft,so
high,immortal,pure,is,mind,her,eke,and
aspire,looks,haughty,her,heaven,the,to,for
sky,the,is,that,made,be,mote,she,whereof
inquire,element,another,needs,then
oppress,him,felly,doth,beast,feeble,a
find,doth,chance,by,he,when,blood,after,hunts
greediness,with,that,tiger,the,is,as
unkind,and,cruel,but,sure,be,ye,fair
goods,and,herself,of,both,wreck,suffer,doth
desolate,succour,of,ship,a,which,'gainst
floods,raging,the,amidst,rock,a,is,as
obstinate,and,hard,but,sure,ye,be,fair
bear,to,more,battery,incessant,your,ne
sue,to,endure,can,longer,no,i,which
were,ended,now,war,this,is,it,time,high
you,with,peace,have,i,shall,when,warrior,sweet
yours,gladly,live,would,that,him,slaying,in
got,be,can,glory,what,one,cruel,ye
stoures,cruel,these,make,to,think,glory,but
not,me,spare,and,still,sharply,ye,shoot,yet
start,chance,any,to,worse,with,feared,ne
allured,be,better,for,will,neither,that
heart,in,so,settled,and,herself,unto
assured,well,so,is,that,she,happy,thrice
bends,another,nor,herself,one,to,neither
might,steadfast,own,her,of,stay,the,in,but
friends,of,seek,favor,ne,foes,grudging,of
spite,the,fear,not,need,assurance,self,such
sphere,his,run,doth,years,three-score,in,mars,as
fulfilled,is,voyage,circle's,her,which,in
year,sundry,his,point,planet,every,to
skilled,are,spheres,heavenly,of,course,in,that,they
pains,greater,my,for,longer,the,seemed,that
languishment,long,in,wasted,have,i,which
contains,years,forty,cupid,of,sphere,the
invent,books,lovers,which,count,that,by,then
aught,for,blame,rashly,or,pride,of,t'accuse
duty,of,bounds,the,above,henceforth,not,dare
thought,my,of,idol,the,saint,sovereign,my
beauty,maker's,the,of,image,glorious,the
aspire,bold,too,love,her,to,that,things,base
scorn,should,she,but,then,it,is,reason,what
admire,eyes,mortal,whom,light,of,beam,the
morn,the,of,blossom,the,joy,of,bud,the
ensue,to,plenty,and,peace,betokening
begun,hath,he,mild,morning,of,shew,with
anew,course,compassed,his,begins,new,the
run,having,now,race,his,year,weary,the
away,clear,timely,and,calms,to,turn,shall
blend,beauty,his,now,which,storms,these,all,and
ray,gladsome,his,world,glooming,the,into
send,freshly,forth,joy,year's,new,the,shall,then
sore,tossed,was,bark,silly,my,which,with
dismay,dangerous,and,death,of,dread,in
heretofore,endured,i,hardly,which
assay,sad,tempests,and,storms,long,after
oppressed,him,which,pains,all,of,remembrance
deprive,to,sufficeth,delight,least,whose
rest,a,sweet,so,of,safety,joyous,the
achieve,last,at,can,that,he,happy,most
bowers,lovers,their,deck,to,fit,damsels,for
around,threw,them,from,odors,dainty,that
flowers,sweet,of,garden,a,smelled,i,seemed,me
found,i,grace,such,(,lips,her,kiss,to,coming
jasmines,blossomed,young,like,nipples,her
shed,be,leaves,their,ere,lillies,like,breast,her
columbines,of,bunch,a,to,like,neck,her
bed,strawberry,a,like,bosom,goodly,her
fly,did,erst,bondage,that,bond,him,make,and
gain,you,liberties,two,one,losing,when
liberty,your,lose,to,fear,fondly,that
vain,is,love,fair,misdeem,you,which,doubt,the
wound,others,each,salve,to,peace,sweet,with,seeks
will,good,mutual,and,truth,simple,but
bound,hath,love,loyal,that,them,'twixt,league,the
spill,discord,nor,approach,not,dare,pride,there
one,a,mean,so,to,lent,love,your,ye,that
gave,you,to,they,disparagement,one,this
thrown,you,upon,heaven,by,hand,plenteous,with
have,ye,which,blissing,happy,those,all,to
appear,doth,greater,darkness,my,in,and
dilate,itself,more,doth,light,your,now,for
peer,prince's,a,with,sorted,ye,had,than
gate,glory,greater,much,thereby,ye,but
pray,their,of,beguiled,hounds,panting,with
place,shady,some,in,him,rest,to,down,sits
away,escaped,him,from,game,the,seeing
chase,weary,after,huntsman,a,as,like
tied,firmly,here,goodwill,own,her,with,and
took,half-trembling,yet,her,hand,in,i,till
bide,did,still,fearless,but,fly,to,not,sought
look,milder,with,me,beholding,she,there
win,to,us,captive,thence,captivity
away,bring,didst,hell,harrowed,having,and
sin,and,death,over,triumph,thy,make,didst
day,this,on,that,life,of,lord,glorious,most
entertain,another,one,may,love,with
buy,didst,dear,like,all,that,sake,thy,for,and
again,same,the,for,thee,love,likewise,may
worthily,weighing,we,love,thy,that,and
emprize,valorous,and,deeds,great,their,of
enrolled,have,records,the,would,they,which,in
wise,stately,in,erect,to,trophies,used
world,antick,the,of,warriors,famous,the
wonderment,rare,world's,such,admire,may,that
posterity,all,to,praise,her,tell,and
monument,immortal,thereof,be,shall
eternity,to,vowed,verse,this,even
displayed,gloriously,colors,goodly,in
spring,do,earth,on,which,the,flowers,of,sorts,all
displayed,are,richly,coat-armor,whose,in
king,might,love's,of,herald,the,spring,fresh
due,penance,with,amearst,him,by,be,shall
make,her,than,misseth,that,one,every,where
crew,lovely,his,amongst,love,on,wait,to
make,ready,soon,herself,therefore,her,bid
unaware,her,catch,to,await,close,in
lurk,doth,that,spider,the,unto,me,and
compare,do,ye,bee,the,unto,yourself
work,drawen,your,in,how,see,to,joy,i
fine,bedecked,delights,dear,many,with
prove,shall,time,in,you,prison,your,sweet,so
eglantine,fragrant,and,flowers,woodbine,with
above,all,woven,is,work,your,as,but
mortality,of,burden,with,clogged,and
things,earthly,of,thought,with,weighed,is,down,it
sky,purest,the,to,up,mount,to,mind,in
wings,bolder,her,spread,doth,spirit,my,when,oft
please,contentment,most,with,desire,heart's,her
might,it,how,but,heaven,other,of,thinks,ne
ease,at,most,mantleth,and,bliss,in,bathe,doth
delight,full,with,fed,fancy,frail,my,there
fly,doth,you,to,forth,prison,his,breaking
hair,golden,your,of,tresses,fair,the,but
tie,can,bands,servile,with,none,whom,heart,my
care,in,here,captured,myself,being
all,over,praises,and,name,your,sing,to
delight,rare,with,learn,may,there,he,perhaps
thrall,your,be,may,he,that,encage,gently
bright,bosom,your,in,and,take,him,you,do
mind,of,and,fortune,body,of,gifts,with
made,me,hath,happy,thrice,times,three,which,the
designed,first,was,name,happy,that,which,with
trade,skillful,by,fram'd,letters,happy,most
praised,be,to,worthy,most,alive,all,of
excellent,glory,and,praise,her,speak,to
raised,was,dust,of,out,spirit,my,whom,by
ornament,last,life's,my,love,my,third,the
prey,his,pains,my,made,and,tide,the,came,but
hand,second,a,with,it,wrote,i,again
away,it,washed,and,waves,the,came,but
strand,the,upon,name,her,wrote,i,day,one
name,glorious,your,write,heavens,the,in,and
eternize,shall,rare,virtues,your,verse,my
fame,by,live,shall,you,but,dust,in,die,to
devise,things,baser,let,i,quod,(,so,no
sprite,heavenly,that,of,harbour,sacred,the
pleasure,of,paradise,the,bliss,of,bower,the
delight,of,lodging,the,love,of,nest,the
treasure,riches,virtue's,with,fraught,bosom,fair
place,boldly,did,themselves,rest,to,there,and
display,wings,wanton,their,did,loosly,they
apace,now,hasten,to,seemed,harvest,whose
may,in,fruit,early,like,paps,her,twixt,and
royalty,pompous,with,prince,greatest,the
entertain,to,fit,juncats,with,spread,all
ivory,pure,of,table,goodly,a
plain,it,see,i,did,or,dream,a,it,was
placed,garden,his,in,and,himself,love,by
paradise,from,brought,pleasure,of,fruit,sweet
taste,ever,could,none,yet,sought,many,that
vice,sinful,of,void,yet,sweet,exceeding
mind,in,fresh,carry,i,yet,image,whose
face,her,saw,i,last,where,where,each,seek,and
hind,the,lost,hath,late,that,fawn,young,a,like
place,to,place,from,go,i,love,my,lacking
vain,fancies,with,fed,but,myself,find,i
object,true,their,see,to,hope,i,when,and
again,me,to,return,back,idly,they
direct,thereunto,i,eyes,mine,when,but
me,of,prayed,more,much,is,mind,virtuous,and
wit,gentle,the,is,that,fair,true,the,but
see,do,such,daily,ye,yourself,that,for
it,credit,do,you,and,fair,you,call,men
proceed,first,at,did,beauty,perfect,and
true,all,whom,from,spirit,fair,that,from,deriv'd
seed,heavenly,of,born,and,divine,be,to
you,argue,doth,that,beauty,true,is,that
awhile,breath,new,myself,to,gather,and
fordone,half,being,me,rest,to,leave,give
compile,books,six,those,which,land,faery,through
run,have,i,as,race,a,long,so,after
raise,will,pitch,higher,an,to,spirit,my
hue,heavenly,whose,of,contemplation,the
praise,sweet,love's,my,sing,and,muse,my,sport,to
mew,pleasant,in,me,to,leave,give,then,till
spark,does,love,of,fire,the,eyes,her,in,or
appears,cheeks,red,her,in,rose,the,when,fair
mark,to,chance,waving,ye,wind,loose,the,with
heares,golden,fair,her,when,love,my,is,fair
sprite,gentle,her,of,message,the,bear,to
way,their,make,do,wise,so,words,her,which,through
dight,richly,rubies,and,pearls,with,gate,the
display,doth,she,so,when,she,fairest,but
debased,love,mean,so,by,much,so,are,that
rue,i,mishap,own,your,more,the,then,but
placed,lucky,so,was,that,lot,my,bless,i
you,loving,for,oft,full,life,my,of,joy
forth,praises,immoral,your,setting,in
spent,be,all,shall,am,i,that,little,that
worth,little,is,whom,in,thrall,your,me,to
relent,to,goodly,so,deigned,ye,since,but
complain,not,having,and,pine,having,but
suffice,themselves,can,contentment,no,with
pain,their,of,object,the,behold,to,still
covetize,greedy,through,eyes,hungry,my
look,to,them,on,endure,more,no,can,and
before,like,did,they,which,things,the,loath,but
brook,they,else,nothing,that,sight,fair,that,of
store,the,with,filled,so,eyes,mine,are,yet
breast,spotless,in,bred,affections,pure,but
unrest,mind's,gentle,her,work,to,attempt
desire,sensual,of,glance,light,one,ne
fire,lustfull,filthy,of,spark,one,not,let
perfection,rare,her,behold,only
constrain,doth,stiffness,constant,too,her,which
plights,sad,these,of,her,to,word,no,speak,but
attain,yet,never,could,myself,which,the
clatter,to,apace,note,witless,his,begin
sings,mavis,the,when,cuckoo,the,does,so
flatter,but,do,i,say,her,praise,do,i,when
things,worthy,of,deem,not,can,that,world,the
fill,praises,sweet,her,with,mouth,glad,my,and
inspire,doth,fury,heavenly,with,me,that
quill,golden,a,with,written,is,worth,her
entire,parts,my,of,closet,the,in,deep
well,speeches,spiteful,and,words,poisoned,of
spring,a,which,from,comb,do,heads,snaky,their
fell,furies,the,which,with,kind,self,that,of
sting,adders,vile,with,tipped,tongue,venemous
bred,have,to,breaches,such,peace,sweet,my,in
conspire,guile,with,didst,that,quite,thee,consume
head,wicked,own,thine,on,hold,catching,and
fire,own,thine,kindle,let,whereof,sparks,the
morn,until,evening,from,protract,sad,their
move,to,seemed,slowly,that,nights,many,and
outworn,i,have,days,weary,long,many
love,my,of,presence,the,leave,did,i,since
mile,a,seem,minute,every,maketh,and
extend,to,still,term,his,seems,further,that
beguile,to,changes,with,grief,my,fain,and
spend,expectation,with,time,the,i,thus
dismay,least,danger's,every,of,afraid
night,the,of,darkness,in,as,wander,i
astray,thoughts,my,lead,to,wont,was,which,the
light,that,of,comfort,the,lacked,have,i,since
heart,love-afamished,my,feed,thereon,and
sustain,myself,do,i,thereof,light,with
part,purest,my,of,contemplation,through
plain,idea,the,beholding,which,of
late,linger,to,seems,that,return,his,for
vow,wishful,a,many,sends,songs,her,in,and
mate,her,of,absence,the,for,mourning,sits
bough,bared,the,on,culver,the,as,like
