{"fawn": 3104, "pardon": 1219, "t'abide": 2435, "yellow": 1412, "hath": 305, "sleep": 997, "astray": 2689, "friend's": 801, "mansion": 1652, "appetite": 1187, "evermore": 899, "hate": 330, "lace": 1344, "whose": 105, "feeding": 1189, "effectually": 1863, "love-learned": 2796, "sweetest": 875, "contained": 2385, "presents": 705, "orpheus": 2806, "whatsoever": 677, "under": 234, "lord": 665, "pride": 1149, "sway": 2246, "worth": 73, "discased": 2296, "dispense": 1856, "void": 3101, "hadst": 949, "lurk": 3043, "inhearse": 1573, "women's": 565, "shoot": 1923, "every": 174, "foul": 1946, "nourished": 1428, "o'er-read": 1523, "wonts": 2743, "amidst": 2914, "raging": 2915, "uttering": 1371, "prize": 1571, "unrest": 2226, "fondly": 2991, "graced": 1495, "harrowed": 3018, "succession": 96, "graces": 1494, "triumph": 647, "charter": 1216, "force": 1184, "depraves": 2654, "tired": 696, "razed": 660, "warns": 2347, "betokening": 2951, "direct": 3107, "second": 1228, "persuade": 591, "rigorous": 2439, "quill": 1561, "even": 733, "beated": 1272, "captain": 1339, "hide": 1114, "wreck": 2919, "ruthless": 2700, "fingers": 2042, "liberty": 962, "children": 1478, "worser": 2188, "oaths": 2262, "above": 1981, "conduct": 2683, "new": 715, "net": 2715, "ever": 1088, "seeks": 2427, "told": 2137, "deemed": 1972, "t'adorn": 2550, "join": 1612, "fervent": 2661, "never": 11, "here": 395, "sweet'st": 2097, "pursuit": 2063, "humility": 2795, "active": 912, "a-doting": 574, "resty": 1716, "substance": 920, "daughter": 2741, "gaol": 2103, "leaves": 1413, "prefixed": 2817, "credit": 3109, "saint": 2562, "smoke": 848, "mistake": 2237, "settled": 2925, "golden": 132, "swearing": 2256, "divide": 1043, "motley": 1813, "intreat": 2645, "brought": 807, "shun": 1931, "stern": 1662, "glance": 1458, "debased": 3139, "plot": 2130, "would": 1002, "revengeful": 2626, "recured": 1035, "world's": 29, "mightiest": 2843, "music": 258, "therefore": 597, "shed": 2985, "survive": 790, "gilding": 822, "until": 1032, "breathe": 927, "unbless": 112, "holy": 1362, "wary": 599, "brings": 1744, "muse": 580, "hurt": 1641, "grief": 850, "glass": 98, "arms": 2867, "loose": 3126, "excellent": 931, "robbing": 1365, "ward": 2100, "hold": 1307, "striving": 1748, "must": 382, "me": 576, "locked": 1083, "room": 1179, "rights": 505, "work": 169, "meadows": 820, "ere": 206, "vow": 3197, "leaped": 1690, "my": 89, "example": 1548, "lodged": 332, "phrase": 1562, "give": 402, "unjust": 2135, "floor": 2540, "laughs": 2900, "disparagement": 3000, "impair": 1543, "respose": 693, "keep": 601, "worse": 1553, "end": 306, "gusts": 411, "provide": 1827, "travel": 695, "feature": 1870, "wights": 1775, "vassal": 1213, "writers": 1529, "rashly": 2724, "answer": 83, "gate": 757, "unwarily": 2482, "dignified": 1725, "turmoil": 2428, "blanks": 1477, "beauty": 95, "after": 654, "bared": 3193, "wrong": 956, "lay": 994, "law": 2407, "wronk": 1610, "purchase": 2615, "attempt": 3146, "third": 1704, "scourge": 2588, "rud'st": 1864, "revolt": 1632, "season": 2556, "purging": 1024, "wink": 995, "green": 821, "keeps": 1141, "jove": 2746, "alack": 833, "wouldst": 440, "amis": 1227, "bed-vow": 2258, "determinate": 1588, "after-loss": 1615, "deck": 2350, "over": 2641, "sickly": 2223, "fortify": 471, "ghastly": 711, "budding": 1649, "bestow'st": 345, "wrought": 572, "before": 463, "fit": 2557, "heretofore": 2963, ",": 2122, "crew": 3036, "better": 810, "meekness": 2549, "fade": 523, "persist": 2369, "carve": 545, "weeks": 1911, "then": 159, "them": 434, "blots": 895, "maker": 2390, "thee": 117, "safe": 2787, "break": 752, "winter's": 201, "they": 388, "yourself": 3040, "silver": 865, "shadows": 1153, "rhetoric": 1533, "brightness": 2247, "freshly": 2954, "troublous": 2681, "persever": 2401, "slavery": 2096, "herald": 34, "victories": 656, "arrow": 2493, "each": 233, "feeds": 1250, "side": 1049, "luck": 426, "true-telling": 1536, "wheel": 2509, "woes": 765, "concord": 2046, "innocent": 2832, "spider": 3042, "taught": 1300, "forgot": 663, "misprision": 1591, "truant": 1721, "array": 2203, "borne": 898, "contend": 1244, "large": 1018, "decree": 1637, "fraught": 3079, "sang": 1421, "god": 1209, "confounds": 2048, "washed": 3073, "forty": 51, "run'st": 2180, "content": 44, "laid": 2012, "heart-inflaming": 2287, "heavenly": 825, "got": 1487, "forth": 840, "stately": 3027, "assured": 1039, "written": 672, "hang": 1415, "eternal": 415, "given": 2653, "free": 151, "mourning": 2089, "mistaking": 1590, "rain": 2119, "element": 2904, "basest": 1644, "crowned": 1871, "mistress": 559, "knit": 670, "wantonness": 1657, "wrath": 2425, "delves": 1248, "created": 570, "days": 595, "bears": 858, "renew": 1183, "aspire": 2906, "potions": 1832, "user": 309, "recite": 1409, "untutored": 2132, "already": 1467, "crowning": 1892, "render": 2020, "'greeing": 1879, "rank": 1379, "hearing": 1565, "protract": 3176, "workings": 1639, "blossomed": 2987, "another": 104, "exchequer": 1351, "usurer": 2108, "hawks": 1623, "master": 558, "too": 520, "dwell": 176, "bitter": 1835, "wander": 2688, "griefs": 1618, "took": 1062, "wastes": 381, "wardrobe": 1142, "shortly": 2856, "youth's": 60, "spreads": 2366, "character": 1560, "begins": 697, "distance": 1010, "guile": 2712, "coward": 1439, "tree": 2628, "crave": 1212, "idly": 2890, "matter": 2833, "idle": 1982, "titles": 643, "guilt": 903, "friend": 990, "iron": 2662, "bedecked": 3048, "knights": 1778, "feeling": 1973, "powers": 2202, "ravished": 2335, "fashion": 566, "sees": 2238, "close": 2595, "hue": 1761, "mind's": 1471, "mought": 2404, "sithens": 2317, "mind": 329, "mine": 87, "spent": 1468, "seed": 3112, "manner": 2148, "amiss": 2252, "bewailed": 902, "churl": 45, "seem": 1160, "seek": 1101, "tells": 366, "contents": 1172, "ray": 2957, "forced": 979, "nipples": 2986, "strength": 1668, "entrap": 2432, "snow": 2070, "chest": 1084, "subjects": 1714, "forces": 2454, "laughed": 1689, "antick": 3024, "fram'd": 3066, "maiden": 2292, "shall": 53, "object": 2386, "dial": 1469, "clears": 2239, "errors": 1917, "mouth": 3158, "plenty": 2952, "stoures": 2924, "grave": 786, "shalt": 127, "constancy": 2263, "peers": 2800, "consumed": 1427, "behaviour": 1501, "points": 681, "breathed": 2193, "wrecked": 1513, "came": 2111, "reserve": 1559, "wild": 1740, "bait": 2772, "inspire": 3156, "random": 2228, "ending": 1181, "colors": 3033, "makest": 2408, "earth": 534, "bail": 1431, "jasmines": 2988, "contrained": 2836, "apace": 3090, "touches": 986, "copy": 1551, "proposed": 2066, "spite": 917, "lordeth": 2411, "cupid": 2266, "closely": 2490, "bush": 2883, "bliss": 2064, "deepest": 1959, "rich": 462, "pursuing": 1455, "mend": 1367, "monuments": 1169, "columbines": 2983, "heart-thrilling": 2429, "wearing": 2621, "do": 219, "forsworn": 1327, "lightening": 2400, "'i": 2194, "abode's": 2816, "stop": 1011, "leisure": 945, "guileful": 2725, "gored": 1814, "bootless": 741, "despite": 129, "congealed": 2649, "saturn": 1688, "runs": 2175, "bar": 1046, "beseem": 2091, "thrusts": 1113, "doting": 2079, "twice": 2255, "eyelids": 1257, "esteeming": 1734, "release": 2705, "hasten": 1239, "steal": 953, "ears": 2153, "unprovident": 316, "penance": 1837, "wond'ring": 1995, "fair": 85, "habit": 2136, "gladness": 2877, "depends": 1630, "allure": 2860, "fain": 3179, "best": 358, "subject": 924, "voyage": 2934, "said": 981, "draws": 2554, "temptation": 969, "away": 1070, "afloat": 1510, "prince": 3097, "mud": 867, "score": 1987, "pebbled": 1237, "scorn": 1595, "drawn": 635, "sorts": 2607, "enlighten": 2264, "approach": 2870, "ire": 2567, "preserve": 2221, "warrior": 651, "we": 3, "men": 484, "terms": 2212, "parallels": 1249, "extend": 3182, "nature": 160, "lighten": 2397, "woxen": 2319, "weak": 856, "weary": 244, "devour": 535, "wear": 1180, "defiance": 2367, "debt": 1540, "tempests": 2729, "pity": 1840, "foes": 1373, "goddess": 1825, "disdain": 2086, "fault": 877, "ill": 606, "mew": 3122, "against": 397, "brag": 527, "receives": 1970, "exceeds": 2638, "expense": 2055, "groans": 2081, "suggest": 2186, "vexed": 2234, "honouring": 2011, "burthen": 1229, "vain": 2472, "incessant": 2459, "flames": 2569, "lowly": 2321, "over-plus": 2118, "trust": 1082, "speak": 1155, "helice": 2690, "strong": 859, "unhappily": 1326, "puts": 684, "quenched": 2293, "three": 1755, "been": 1222, "quickly": 2272, "twain": 890, "much": 76, "interest": 1434, "incertainty": 1891, "mean": 2812, "captives": 2303, "lovely": 120, "thrice": 2526, "idol": 1764, "threw": 2977, "cuckoo": 2522, "life": 293, "brav'ry": 846, "easy": 1806, "augmenteth": 2779, "decrepit": 908, "lift": 2768, "dote": 2157, "child": 86, "catch": 2176, "doth": 144, "erst": 2995, "gracious": 227, "applied": 2670, "tide": 3074, "sly": 2716, "air": 590, "near": 2121, "suppose": 1208, "comptroll": 2415, "aid": 1496, "voice": 1369, "weakens": 615, "'mongst": 2530, "played": 624, "is": 102, "it": 196, "defeated": 577, "shame": 311, "to-morrow": 1191, "splendour": 831, "in": 48, "bounteous": 361, "sever": 2382, "if": 81, "grown": 802, "memorial": 1435, "things": 761, "make": 91, "wound": 2094, "beside": 610, "bosoms": 1967, "silly": 2965, "several": 2129, "grows": 444, "lusty": 2344, "fairly": 183, "juniper": 2600, "lusts": 2371, "tops": 817, "evil": 425, "hand": 203, "delight": 911, "descry": 2446, "supposing": 1633, "jealous": 1206, "bequest": 141, "blamed": 1382, "thoughts": 746, "censures": 2231, "kept": 307, "thy": 43, "mother's": 115, "acknowledge": 900, "humble": 1964, "ocean": 1195, "ragged": 202, "thm": 2885, "greatest": 3096, "mother": 114, "hearts": 779, "the": 15, "cure": 2224, "yours": 394, "left": 188, "rubies": 3132, "appease": 2566, "just": 1919, "wasteful": 464, "yea": 948, "gods": 2584, "poet's": 507, "unfair": 181, "repose": 1105, "verses": 1751, "maketh": 2605, "farther": 1072, "fullness": 2754, "swears": 2131, "venemous": 3159, "followed": 2197, "plight": 717, "yet": 420, "succeeding": 554, "vices": 1653, "adding": 578, "dearer": 804, "ease": 2736, "had": 806, "alchemy": 826, "presagers": 618, "beloved": 319, "prison": 2098, "hap": 296, "save": 702, "gave": 360, "bands": 2302, "awhile": 3121, "firmer": 2375, "birth": 805, "shadow": 706, "dreams": 998, "desire": 4, "dignity": 1646, "picture's": 1045, "gift": 362, "patience": 2147, "new-found": 1460, "vilest": 1403, "unreave": 2574, "transform": 2627, "night": 370, "hung": 710, "three-score": 2937, "antique": 510, "right": 1048, "old": 92, "understand": 2835, "flatter": 728, "all-oblivious": 1177, "deaf": 740, "short-numbered": 2001, "odours": 1166, "captive": 1337, "mazed": 2384, "compassed": 2948, "dear": 692, "pain": 2088, "bore": 2008, "guess": 1375, "enemies": 2142, "for": 152, "purple": 1697, "bosom's": 2099, "rehearse": 582, "comments": 1556, "bath'd": 2307, "foe": 2770, "drudge": 2254, "plights": 3149, "bold": 1988, "discord": 2996, "burn": 542, "faery": 3116, "rebellious": 2370, "shifting": 563, "losing": 989, "all-tyrant": 2241, "peep": 639, "proceed": 3115, "coral": 2069, "haply": 749, "o": 324, "costs": 1627, "despair": 1703, "guilty": 1824, "cherish": 364, "commit": 1476, "lacked": 3185, "worthily": 3022, "firbloom": 2603, "raised": 2332, "contains": 2941, "presence": 333, "civil": 887, "nought": 452, "bound": 1214, "bath": 2279, "down": 1918, "lies": 1729, "pour'st": 928, "often": 2511, "virtue's": 3080, "despised": 919, "suffice": 2697, "unrespected": 996, "fight": 653, "forhead": 2477, "sends": 3195, "way": 257, "call": 347, "was": 199, "war": 263, "happy": 282, "head": 232, "faring": 605, "form": 103, "offer": 2419, "proudly": 2078, "sundry": 2932, "remover": 1902, "fore": 252, "back": 119, "garments": 1621, "travel's": 1102, "hear": 259, "dead": 782, "justify": 2138, "blindness": 2265, "true": 504, "continuance": 2518, "absent": 965, "humbled": 2537, "born": 1320, "for't": 1728, "bids": 2341, "bounds": 2944, "tell": 99, "crystal": 2403, "unfathered": 1681, "captivity": 3019, "anew": 1952, "bide": 3013, "temper": 2744, "trim": 1687, "prayed": 3110, "gather": 3120, "disgrace": 734, "ornaments": 2655, "up": 230, "fury": 1712, "sinful": 1747, "beauty's": 8, "hungry": 2693, "huswife": 2174, "sometime": 964, "ship": 2682, "face": 100, "injurious": 1009, "posting": 1125, "faithful": 2637, "dying": 2589, "no": 197, "boldly": 3094, "excel": 184, "lov'st": 266, "actor": 608, "despising": 748, "falsely": 2232, "renew'th": 2422, "papers": 498, "tie": 1394, "smell": 1380, "eternity": 1984, "picture": 1069, "enlarge": 2678, "'t": 1567, "phoenix": 544, "savage": 2060, "felt": 1672, "extremest": 2778, "present-absent": 1028, "journey": 698, "intent": 2596, "rolling": 2508, "spy": 2491, "died": 1356, "to-day": 1188, "longer": 393, "blushing": 1702, "daily": 1198, "loyal": 2997, "cheater": 2251, "teeth": 538, "dian's": 2270, "treading": 2448, "hope": 1679, "chain": 2784, "whoever": 2114, "rob": 2506, "varying": 1768, "souls": 1370, "invent": 925, "themes": 1769, "continual": 1997, "mild": 2950, "slandered": 2033, "ice": 2642, "battle": 2421, "idolatry": 1763, "abundant": 1676, "disobeys": 2535, "needeth": 2471, "retention": 1985, "adamant": 2783, "praises": 1767, "fancies": 3108, "father": 909, "kind-hearted": 337, "vex": 1631, "blissing": 2998, "answered": 2029, "praised": 1566, "furrows": 594, "abundance": 614, "string": 275, "advantage": 1342, "fleece": 2805, "mourn": 1397, "advised": 1094, "word": 1500, "trouble": 739, "feeble": 247, "minute": 3183, "cool": 2294, "soul's": 703, "perceived": 1760, "clouds": 726, "level": 1922, "did": 170, "die": 12, "dig": 56, "cloudy": 2692, "leave": 166, "quick": 1457, "woven": 3046, "round": 2475, "unaware": 3045, "prevent": 1927, "brave": 367, "says": 1545, "fearing": 1887, "offender's": 854, "double-vantage": 1603, "sigh": 762, "wherefore": 467, "cost": 1291, "scarce": 2720, "show'st": 2024, "run": 2938, "fear": 288, "drinks": 1877, "unswayed": 2163, "curse": 743, "appear": 1158, "assistance": 1485, "contracted": 1197, "favour": 641, "suspect": 1385, "goes": 1241, "pine": 2204, "aswagement": 2704, "distempered": 2283, "badge": 2620, "filled": 488, "unsure": 2591, "wail": 297, "honour": 408, "hairs": 2073, "virtues": 3077, "water": 1021, "entertain": 946, "address": 2420, "alone": 156, "appears": 3129, "change": 325, "blunter": 1186, "boy": 2021, "enroll": 2416, "boast": 644, "root": 2171, "eke": 2794, "overflowing": 2791, "odour": 1162, "bow": 1613, "council": 2585, "trial": 2276, "shook": 1757, "homeward": 2863, "recounting": 1041, "stained": 1811, "love": 314, "bloody": 469, "withal": 2278, "disguising": 2893, "o'erworn": 1280, "voices": 1851, "wealth": 1450, "prove": 338, "sake": 993, "confounded": 1298, "angry": 2745, "wane": 340, "tears": 1944, "tripping": 2291, "wrongs": 961, "live": 396, "prey": 1438, "memory": 25, "scope": 1745, "loving": 686, "love's": 546, "dismay": 2464, "dolphin": 2735, "riot": 978, "sessions": 758, "towers": 1294, "altar": 2565, "acceptable": 163, "strength's": 613, "everywhere": 1675, "virtue": 1163, "danger's": 3187, "stain": 869, "epitaph": 1519, "fly": 2625, "deformed": 2814, "car": 245, "soul": 1268, "purge": 1933, "hardest": 2512, "sour": 944, "can": 483, "growing": 803, "making": 1363, "laughter": 2520, "deceased": 797, "breeds": 1828, "ensue": 2953, "heart": 561, "dedicated": 1528, "servant's": 2209, "want": 923, "figure": 1759, "saith": 1875, "distillation": 187, "confused": 2499, "locks": 2479, "critic": 1853, "hides": 495, "mak'st": 46, "provoke": 1110, "stole": 1499, "breaking": 3063, "churls": 1377, "bankrupt": 1346, "bless": 3134, "undivided": 893, "vainly": 2229, "trophies": 787, "write": 584, "till": 571, "pure": 2474, "husbandry": 407, "sworn": 2261, "limbecks": 1945, "eye's": 1057, "map": 1354, "mar": 1749, "where-through": 637, "rears": 2442, "may": 328, "sacrifice": 2568, "spot": 1648, "siren": 1943, "tipped": 3160, "mad": 2062, "date": 522, "consum'st": 291, "flourish": 1246, "grow": 390, "man": 2165, "temperate": 513, "branches": 2604, "neck": 2083, "liquid": 189, "candles": 587, "so": 63, "silence": 1541, "deceive": 158, "thorns": 864, "tall": 1516, "truce": 2430, "victor's": 2305, "tormenteth": 2777, "serving": 238, "shield": 2869, "seeing": 1862, "indeed": 1271, "forfeit": 1787, "displayed": 3032, "years": 966, "course": 550, "pitch": 243, "cold": 416, "still": 303, "birds": 1420, "depending": 2592, "trifle": 1075, "limbs": 694, "derive": 432, "solace": 2871, "how": 75, "muses": 1563, "chips": 2052, "torn": 2259, "curls": 375, "maid": 2269, "play'st": 2039, "policy": 1934, "stol'n": 1706, "troubled": 2895, "into": 929, "correspondence": 2230, "closure": 1086, "truest": 1076, "equipage": 811, "thereby": 7, "quod": 3075, "records": 1996, "flint": 2517, "coat-armor": 3031, "half": 496, "not": 107, "sorted": 3002, "now": 28, "mantleth": 3059, "nor": 195, "wont": 3186, "term": 1629, "name": 907, "uncertain": 2222, "drop": 1614, "arrows": 2502, "covetize": 2695, "careless": 2737, "rock": 2913, "veins": 1350, "orphans": 1680, "whenas": 2684, "eyelid": 2759, "another's": 1364, "long-while": 2396, "richly": 1557, "fever": 2217, "farewell": 1582, "begun": 2575, "year": 1157, "hymns": 756, "despight": 2809, "living": 223, "shown": 1977, "space": 1012, "abide": 1027, "increase": 5, "boundless": 1302, "misseth": 3037, "harden": 2648, "correct": 1838, "assurance": 2788, "shows": 453, "siege": 2455, "sweet-seasoned": 1443, "quite": 661, "rebel": 2201, "plea": 885, "care": 1845, "age's": 1284, "contemplation": 3123, "embassage": 673, "fa": 2675, "contented": 1429, "wand'rest": 528, "motion": 1030, "thing": 443, "thine": 39, "place": 210, "recompense": 622, "envied": 2359, "deceived": 1634, "think": 750, "first": 569, "blind": 1861, "langour": 2855, "encage": 3064, "mayst": 346, "waves": 1235, "safety": 2969, "one": 274, "chide": 975, "directly": 2192, "habitation": 1654, "carry": 1432, "sounds": 2041, "open": 1256, "affords": 1771, "millions": 1151, "interchange": 1297, "little": 447, "greediness": 2908, "silent": 759, "sufficeth": 2970, "thankless": 2616, "prayers": 2462, "fiery": 1131, "bounty": 363, "white": 378, "tiger's": 540, "speaking": 619, "gives": 142, "gaudy": 36, "eyes": 251, "watching": 2235, "that": 6, "brains": 1223, "men's": 735, "proving": 94, "alas": 1812, "eyed": 1753, "naught": 2381, "reproving": 2168, "flowers": 1357, "amiable": 2756, "than": 215, "wide": 1785, "wert": 568, "require": 1204, "folly": 1330, "were": 185, "lillies": 2984, "wandering": 2785, "and": 32, "rend": 2580, "angel": 2187, "slay": 2141, "correction": 1839, "confessed": 2104, "turned": 2190, "argument": 930, "sad": 771, "say": 1003, "buried": 785, "foiled": 658, "anger": 1112, "saw": 1537, "any": 315, "sport": 1658, "cheerful": 2755, "defaced": 1289, "warriors": 3023, "mourners": 2036, "aside": 1459, "note": 286, "wretch": 2166, "lion": 2541, "take": 906, "floods": 2916, "resembling": 280, "haste": 690, "blunt": 531, "embaseth": 2444, "urge": 1926, "maladies": 1928, "sure": 1080, "altered": 1635, "theatre": 2888, "sledge": 2664, "tallies": 1986, "knew": 1883, "clearer": 1886, "paid": 776, "forgetful": 2803, "unkindness": 2139, "flatterer": 1854, "tract": 256, "clatter": 3154, "coveted": 2606, "winters": 52, "cruelties": 2845, "proud": 61, "slander's": 1384, "fordone": 3119, "perfect'st": 1129, "wind": 3127, "joys": 2391, "buriest": 42, "show": 675, "taketh": 2546, "cheap": 1816, "merit": 667, "bright": 585, "untold": 2127, "ground": 1445, "amearst": 3038, "slow": 1120, "unkind": 1953, "stormy": 410, "title": 1050, "treasure": 209, "storms": 2819, "cloak": 842, "crime": 1221, "only": 33, "wood": 2040, "black": 713, "dispise": 2710, "partake": 2240, "robe": 1143, "shrill": 2525, "hindmost": 1569, "get": 2727, "'tis": 630, "witness": 674, "expectation": 3178, "truly": 583, "whiles": 2410, "loath": 2699, "nearly": 987, "prime": 123, "cordials": 2854, "seldom": 1140, "t'accuse": 2945, "yield": 2424, "morning": 814, "miles": 1020, "baits": 2831, "finishing": 2673, "where": 173, "husband": 276, "beholding": 2891, "monarch's": 1872, "seas": 2732, "seat": 973, "fortune's": 915, "asleep": 2268, "expiate": 596, "successive": 2032, "ruined": 1417, "purest": 1324, "culver": 3192, "wonder": 1231, "invoked": 1484, "tongue-tied": 1328, "plenteous": 2999, "steadfast": 2862, "compounds": 1462, "ornament": 31, "enough": 1583, "departest": 342, "complexion": 1700, "sable": 374, "enjoys": 304, "untainted": 551, "forsake": 387, "lays": 2140, "fearless": 2431, "merchandized": 1733, "pluck": 419, "blame": 2059, "faults": 1659, "countenance": 2364, "disdainful": 2632, "reigns": 783, "drawen": 3039, "spark": 3131, "comb": 3166, "come": 487, "grieved": 862, "many": 320, "region": 835, "wishful": 3196, "spare": 2923, "comes": 1592, "duty": 668, "affairs": 1207, "impediments": 1897, "madness": 2150, "spoil": 1316, "unthrifty": 133, "unquiet": 2313, "dispatch": 2179, "maintained": 2711, "lothsome": 2449, "stretched": 508, "learning": 1473, "proved": 2065, "hounds": 1624, "boat": 1515, "doctor-like": 1331, "arts": 1493, "witless": 3153, "self-doing": 1220, "dross": 2215, "mark": 273, "breath": 1696, "subscribes": 1791, "beams": 2389, "mars": 2936, "hardly": 2961, "fickle": 2022, "straying": 976, "thousand": 655, "blessing": 1530, "further": 3181, "dangerous": 2964, "tiger": 2907, "spills": 2576, "frantic-mad": 2225, "careful": 1074, "former": 1193, "those": 149, "case": 1104, "deprive": 2971, "myself": 2437, "profane": 1609, "these": 745, "bereft": 194, "mount": 3052, "languishing": 2850, "rhymes": 2306, "compile": 1490, "cast": 1091, "warning": 1400, "dregs": 1437, "situation": 2050, "endured": 2962, "hunts": 2909, "fool": 1904, "ulysses": 2571, "endowed": 359, "brow": 55, "sudden": 2873, "embrace": 2598, "return": 716, "fame": 1508, "tied": 3017, "eye-glances": 2501, "harsh": 353, "inquire": 2613, "pay": 775, "freewill": 2413, "same": 180, "check": 1699, "shifts": 302, "thralls": 2658, "distilled": 207, "figures": 1693, "noble": 2799, "wires": 2074, "sickness": 1932, "tyrannous": 2077, "defy": 1994, "drives": 2555, "weed": 70, "fruit": 1682, "scorned": 501, "extern": 2010, "changing": 1240, "weep": 2519, "clogged": 3055, "vowed": 2289, "weave": 2353, "complained": 2839, "vantage": 1602, "woodbine": 3047, "plaints": 2461, "mortgaged": 2105, "vacant": 1470, "without": 841, "relief": 857, "trains": 2827, "extermities": 2707, "charged": 1393, "summer": 205, "desolate": 2918, "among": 380, "being": 146, "when": 50, "slime": 2453, "rest": 662, "abondon'd": 2456, "imprint": 1472, "bareness": 1674, "wrecks": 2597, "cease": 2701, "disperse": 1489, "aspect": 683, "touch": 2277, "speed": 1123, "guides": 679, "captured": 3061, "afterwards": 1885, "whylest": 2749, "daphne": 2622, "blot": 727, "unwooed": 1164, "charactered": 1979, "thinking": 2082, "rose": 9, "seems": 1754, "summer's": 186, "instrument": 2887, "verse": 486, "setting": 3142, "rosy": 1905, "hind": 3105, "bond": 2993, "valley-fountain": 2274, "mournful": 1738, "liken": 2758, "frown": 1089, "kills": 1016, "read": 435, "offence": 1121, "mow": 1254, "dart": 2144, "dark": 1000, "traffic": 154, "look's": 2488, "confined": 1788, "world": 111, "sheen": 2481, "aiming": 2492, "lady": 2811, "dare": 1205, "acquainted": 562, "fortune": 646, "benefit": 719, "wretch's": 1440, "miraculous": 2646, "either": 1068, "robbery": 951, "clay": 1407, "wend": 2818, "fulfil": 2125, "falsehood": 1079, "wooers": 2573, "spheres": 2929, "respect": 688, "images": 2858, "divine": 2213, "thinks": 3060, "dumps": 2874, "passions": 2810, "mood": 2326, "lend": 145, "moon": 871, "spotless": 3147, "expressing": 2742, "tossed": 2680, "self-loving": 1277, "knife": 1286, "destroys": 310, "guiltless": 2544, "power": 1306, "seconds": 2019, "blest": 1200, "strained": 1532, "broken": 1259, "lodestar": 2691, "embase": 2500, "o'er-green": 1846, "throw": 1850, "death-bed": 1425, "on": 65, "stone": 1174, "lioness": 2542, "of": 71, "choirs": 1418, "sustain": 3189, "meaning": 2631, "whence": 1087, "fell": 573, "wolf": 1663, "stand": 1762, "act": 2257, "mixed": 2018, "lofty": 1293, "or": 269, "diversely": 2894, "ladies": 1777, "long-lived": 543, "burning": 231, "put'st": 2109, "image": 1255, "skilled": 2930, "blessed": 473, "penelope": 2570, "aswage": 2822, "rues": 2897, "bitterness": 1834, "lively": 1349, "dreaming": 1786, "longing": 2218, "your": 392, "buds": 518, "fast": 339, "prepare": 399, "emprize": 3030, "there": 548, "disposed": 1594, "start": 2781, "whate'er": 1638, "low": 255, "stars": 417, "jaws": 541, "mollify": 2663, "leach": 2852, "afresh": 2767, "groan": 1116, "wits": 2159, "petty": 1617, "regard": 2849, "delayed": 2028, "strikes": 277, "shroud": 2611, "ended": 2921, "with": 155, "applying": 1948, "rage": 413, "'stonished": 2484, "grudging": 2927, "niggarding": 49, "strawberry": 2981, "sadness": 2753, "scorning": 2414, "impute": 1542, "abuses": 1974, "agree": 2586, "strongly": 669, "gone": 161, "thund'ring": 2748, "palate": 1880, "taste": 1474, "ah": 294, "th'author": 2563, "am": 592, "deep": 57, "an": 300, "toiled": 664, "as": 14, "deem": 1161, "at": 335, "walks": 1608, "ay": 971, "spends": 1507, "fill": 1842, "tedious": 2679, "again": 1038, "smiling": 2825, "judgment's": 2084, "deserve": 2172, "repent": 851, "thither": 2281, "tempest": 2774, "roses": 863, "you": 391, "dismayed": 2368, "abysm": 1849, "poor": 796, "renowned": 2798, "time": 19, "merchants": 2468, "gifts": 1752, "lovers": 788, "suited": 2035, "brass": 1296, "sequent": 1242, "treason's": 2433, "building": 1517, "remote": 1015, "calls": 118, "wife": 299, "life's": 1033, "dyed": 1724, "sounded": 2527, "repay": 1914, "hugely": 2002, "treason": 2824, "apparel": 685, "songs": 1766, "tanned": 1274, "all": 284, "consider": 442, "vile": 1402, "lack": 763, "neigh": 1130, "worms": 1404, "importune": 2170, "sunk": 368, "'gainst": 883, "follow": 2198, "meditation": 1312, "gild'st": 732, "wakened": 1924, "dreadful": 2884, "wanton": 3092, "homage": 235, "sparkling": 730, "spirit": 1505, "to": 35, "lustfull": 3145, "device": 2652, "present": 1071, "th": 853, "dressing": 1464, "nurseth": 2219, "hideous": 369, "subtleties": 2134, "sound": 2075, "woman": 567, "returned": 1037, "bowers": 2980, "song": 511, "very": 179, "'will": 2116, "coloured": 2189, "oblation": 2017, "medicine": 1938, "worst": 1620, "vermilion": 1692, "fall": 405, "cunningly": 2717, "strand": 3072, "vouchsafe": 799, "heaven": 492, "scath": 2656, "list": 1215, "silvered": 376, "fearful": 1311, "mile": 3184, "small": 72, "tear": 2513, "tender": 22, "smith": 2660, "relenting": 2619, "ten": 212, "outworn": 1292, "dainty": 2975, "past": 373, "winds": 515, "invention": 1226, "catching": 3171, "perspective": 631, "pass": 1750, "harder": 2373, "affable": 1575, "befriends": 1954, "creatures": 2, "conscience": 2250, "gazers": 1667, "what": 162, "defence": 1607, "stood": 2485, "darkness": 3006, "sweetly": 947, "clock": 365, "sun": 638, "sum": 88, "brief": 1910, "dints": 2378, "foison": 1156, "ill-wresting": 2151, "nurse": 603, "apply": 2666, "public": 642, "womb": 1574, "dwells": 1701, "full": 812, "love-suit": 2124, "answers": 1115, "hours": 167, "hate's": 957, "so-hot": 2644, "hast": 557, "yellowed": 499, "speeches": 3169, "colored": 2349, "enmity": 1178, "dearths": 428, "reason": 1884, "stiffness": 3150, "action": 1308, "sweetness": 1640, "day's": 720, "depart": 221, "bathe": 3058, "suddenly": 2494, "impiety": 1341, "tendered": 1963, "lion's": 532, "estimate": 1585, "unthrift": 301, "self-love": 1266, "eye": 175, "takes": 910, "amaze": 2486, "faint": 1503, "two": 889, "morn": 828, "langor": 2703, "injury": 959, "defiled": 2545, "more": 77, "horses": 1628, "unlearned": 2133, "knows": 493, "receiv'st": 267, "ow'st": 526, "foregone": 768, "spoils": 1720, "excuse": 93, "lameness": 1604, "controlling": 1332, "wretches": 2773, "broke": 2178, "graven": 1718, "known": 958, "doom": 1182, "glad": 3157, "commanded": 2244, "weighed": 3053, "none": 321, "hour": 834, "languishment": 2942, "remain": 896, "nine": 935, "den": 2766, "learn": 3065, "bower": 3084, "marble": 1167, "beautiful": 1776, "stubborn": 2629, "compare": 512, "heat": 2004, "conspire": 2392, "accept": 2636, "sphere": 2939, "numbers": 938, "sense": 879, "sharp": 1117, "dress": 1366, "garden": 2974, "huge": 449, "needs": 1727, "calms": 2959, "drained": 1281, "needy": 1321, "'thus": 1106, "comfort": 918, "chopt": 1273, "adder's": 1852, "glowing": 1423, "heart's": 1059, "sacred": 240, "new-fangled": 1622, "panting": 3011, "creature": 1867, "mould": 2903, "simplicity": 1336, "tried": 2828, "rude": 355, "calm": 2393, "derived": 2310, "mended": 1233, "blood": 343, "coming": 398, "replete": 612, "a": 68, "short": 521, "resemble": 2398, "shady": 3010, "register": 1798, "spiteful": 3168, "assoyle": 2423, "graceth": 2441, "shore": 1196, "dread": 2672, "shade": 529, "perjured": 2057, "banks": 1199, "pleasure": 271, "gav'st": 1589, "victors": 1581, "dream": 2068, "feed": 2878, "help": 897, "soon": 1962, "captiving": 2438, "trade": 3068, "held": 74, "paper": 933, "through": 124, "signs": 1359, "hell": 1947, "drossy": 2452, "suffer": 2205, "style": 1492, "pent": 191, "thereon": 3190, "glide": 2503, "termed": 506, "pray": 2558, "inward": 481, "deeds": 913, "bosom": 777, "famished": 1064, "late": 1419, "resort": 1660, "absence": 942, "parts": 497, "ruining": 2015, "might": 10, "forbear": 974, "good": 424, "tyrants": 178, "kingly": 1876, "valorous": 3029, "food": 1442, "ye": 2298, "speechless": 1793, "walls": 192, "nymphs": 2288, "thereof": 1506, "weeds": 1381, "foot": 1315, "breathers": 1524, "complain": 2698, "mystery": 2590, "likeness": 2164, "imprisoned": 1148, "always": 1463, "loosly": 3091, "eloquence": 616, "ashes": 1424, "stopped": 1855, "turns": 633, "found": 991, "heavy": 1006, "weighs": 1800, "proud-pied": 1685, "bends": 1901, "house": 404, "fish": 2830, "hard": 1960, "oppressed": 723, "idea": 3188, "surly": 1398, "nature's": 140, "beyond": 1983, "orient": 226, "harp": 2733, "flower": 1310, "trusty": 2686, "fancy's": 2336, "since": 384, "publish": 1736, "admired": 1555, "health": 1040, "avenge": 2834, "paradise": 3085, "flame": 1804, "darling": 517, "drizling": 2514, "issue": 1677, "sympathized": 1534, "adders": 3161, "arion": 2728, "commits": 963, "fore-bemoaned": 773, "forgive": 950, "half-trembling": 3014, "pleasant": 1737, "qualify": 1805, "base": 843, "put": 609, "heads": 3165, "teach": 1103, "reproach": 1971, "know'st": 1584, "temperature": 2445, "thrown": 2731, "beast": 2765, "service": 2242, "woman's": 555, "year's": 2579, "sicken": 1930, "blush": 1348, "merry": 2521, "gazed": 64, "seeming": 1732, "forwards": 1243, "feel": 1085, "number": 2126, "fancy": 3057, "antiquity": 1275, "feet": 2322, "fierce": 539, "enlarged": 1396, "revolution": 1234, "done": 634, "defects": 1090, "moan": 774, "horse": 1127, "inure": 2551, "guest": 2284, "blossom": 2946, "together": 438, "joyous": 2968, "slanderers": 2152, "least": 336, "minion": 2026, "pricketh": 2602, "wonderful": 2651, "smile": 2553, "passed": 1388, "breed": 2872, "hundred": 2760, "store": 352, "lease": 519, "youngly": 344, "selling": 2214, "imperfect": 1005, "storm": 2394, "behind": 2067, "part": 611, "tradefull": 2467, "believe": 485, "grace": 725, "king": 2528, "kind": 334, "grew": 1550, "mortality": 1304, "vial": 208, "double": 1836, "anticipate": 1936, "bondage": 2994, "shallowest": 1509, "youth": 348, "determined": 1055, "contrary": 1276, "supposed": 781, "garland": 2529, "kindle": 2376, "wonderment": 2337, "restful": 1317, "tongues": 1368, "wrongest": 2355, "ages": 1730, "defect": 1383, "livery": 62, "new-fired": 2275, "alike": 1765, "showers": 1444, "gall": 2792, "odors": 2976, "sensual": 876, "lie": 1313, "nights": 3174, "built": 1951, "dancing": 2051, "trance": 2751, "self": 138, "port": 2440, "onset": 1619, "lifts": 229, "build": 2564, "frail": 2330, "finding": 2356, "angel's": 2311, "chary": 602, "'had": 800, "towards": 1236, "spectator": 2889, "reckon": 1975, "drowns": 2005, "unused": 308, "most": 322, "offences": 1817, "sting": 3162, "blunting": 1137, "services": 1203, "seasons": 429, "measured": 1107, "stands": 1252, "chronicle": 1772, "feasting": 1451, "windows": 125, "clear": 1056, "sometimes": 1111, "cover": 794, "dissolved": 2643, "treasures": 2470, "reeleth": 249, "barren": 412, "convertest": 349, "eisel": 1833, "diverse": 2348, "lying": 2286, "bending": 1599, "despise": 2155, "gold": 586, "wailing": 984, "rhymers": 936, "wasted": 1773, "registers": 1993, "indias": 2469, "heavens": 2821, "fine": 1138, "find": 992, "viewest": 101, "gilded": 1168, "flattery": 1874, "shouldst": 220, "deserts": 490, "ruin": 1299, "less": 502, "relent": 3141, "erect": 3026, "betray": 1664, "beauteous": 714, "fiend": 2191, "hardened": 2594, "painter's": 632, "unswept": 1173, "gains": 1352, "mercy": 2842, "bend": 2861, "compiled": 1558, "express": 1799, "famous": 2804, "remedy": 1269, "hid": 1314, "breast": 620, "theft": 1708, "compass": 1909, "swart-complexioned": 729, "banner": 2365, "him": 549, "cruelly": 2776, "grievances": 767, "deriv'd": 3113, "pleasures": 1683, "diamond": 2402, "cry": 1318, "impanelled": 1051, "remove": 1903, "common": 1743, "physicians": 2857, "kill": 2841, "mantle": 2352, "poisoned": 3167, "wrote": 3071, "sew": 2417, "bars": 648, "set": 1247, "art": 27, "intelligence": 1580, "jade": 1133, "around": 2978, "o'ersways": 1305, "see": 128, "dumb": 617, "are": 150, "sea": 1303, "presenteth": 451, "portrait": 2498, "bark": 2966, "greece": 2801, "outward": 482, "feared": 2926, "threats": 2747, "spirits": 2185, "forlorn": 2450, "firmest": 2516, "please": 724, "drooping": 2769, "woo": 2169, "won": 2374, "gentlest": 1865, "woe": 770, "durst": 1360, "slaying": 2709, "thrive": 439, "endure": 2377, "knowing": 1504, "milder": 3012, "sold": 1815, "spray": 2764, "death": 218, "mirth": 2896, "alters": 1898, "both": 870, "last": 1616, "grounded": 1270, "desired": 2280, "thou": 26, "frieseth": 2667, "panther": 2879, "forgotten": 1521, "poverty": 954, "possesseth": 1267, "afar": 2182, "finds": 1900, "flies": 1387, "consume": 3172, "majesty": 241, "point": 1139, "simple": 1334, "sweet": 157, "manners": 940, "harbour": 3086, "worthless": 1514, "raise": 2531, "dun": 2072, "arrest": 1430, "devouring": 530, "satire": 1719, "due": 789, "guilefull": 2826, "whom": 350, "secret": 455, "pining": 2702, "visnomy": 2815, "wait": 1684, "delights": 265, "astonishment": 2334, "lived": 1355, "partly": 1860, "gay": 2208, "'twixt": 1448, "fire": 1025, "what's": 1795, "great": 1261, "else": 270, "awake": 1262, "bidding": 2339, "receive": 1989, "utmost": 1092, "look": 97, "straight": 1605, "admire": 2328, "pace": 1128, "while": 926, "smart": 2840, "rigour": 2102, "pearls": 2473, "kissing": 819, "eclipses": 868, "thought's": 2333, "guide": 2687, "costly": 2207, "mote": 2677, "wherever": 1026, "is't": 941, "itself": 2610, "unperfect": 607, "seen": 815, "ready": 2346, "seest": 1422, "anguish": 2838, "fairer": 331, "chase": 2181, "twofold": 980, "grant": 317, "lengths": 1019, "belong": 1218, "wherein": 629, "discourse": 2227, "cruelty": 2813, "esteemed": 1969, "ruth": 2087, "composition": 1034, "higher": 3124, "used": 3025, "mountain": 816, "moment": 448, "flown": 2199, "moving": 680, "purpose": 579, "mavis": 3152, "early": 827, "task": 1408, "older": 1823, "accumulate": 1921, "knowen": 2868, "cheek": 1353, "loathsome": 872, "grind": 1819, "cheer": 2757, "edge": 1185, "unspotted": 3200, "starved": 1453, "toil": 689, "stelled": 626, "spend": 136, "plagues": 427, "bearer": 1122, "misintended": 2497, "salve": 1965, "shape": 636, "injuries": 1600, "unto": 1063, "tables": 1978, "cut": 1287, "cup": 1881, "decayed": 1497, "eager": 1925, "tormented": 2409, "march": 808, "lacking": 780, "bid": 3035, "advocate": 882, "judgement": 418, "game": 3008, "quest": 1052, "dearly": 983, "sharpened": 1192, "wings": 3051, "baseness": 2331, "follows": 970, "message": 2536, "strife": 1447, "shapes": 1869, "divining": 1782, "tribes": 1794, "foolish": 2162, "twixt": 3087, "smit": 2669, "canst": 165, "wrack": 2730, "methods": 1461, "sue": 2110, "spring": 37, "creation": 1636, "some": 113, "play": 177, "sighs": 1065, "lips": 1906, "added": 1746, "mighty": 2387, "sight": 237, "mirror": 2383, "pale": 823, "senseless": 2650, "delivered": 1480, "acquaintance": 1482, "amongst": 2802, "twinkle": 2495, "affects": 2380, "though": 491, "exceeding": 3100, "balmy": 1790, "pen": 479, "barrenly": 356, "lark": 751, "worship": 2243, "t": 1935, "be": 67, "patient": 1830, "remembered": 1441, "fed": 2216, "'this": 84, "rue": 3138, "hostages": 2418, "become": 2090, "eglantine": 2601, "by": 18, "shine": 829, "faith": 1325, "goods": 2920, "deserved": 79, "sorrows": 2318, "wrinkles": 130, "aye": 1802, "ambush": 1389, "pains": 2943, "licentious": 2412, "tenants": 1053, "youthful": 1282, "repair": 106, "conquest": 1044, "within": 38, "glooming": 2955, "unrighteous": 2406, "debateth": 465, "nothing": 143, "because": 1726, "piteous": 2775, "remembrance": 198, "smells": 1695, "featureless": 354, "spending": 1466, "question": 379, "long": 593, "whereto": 1915, "suit": 2092, "forward": 1694, "translate": 1666, "himself": 1066, "elsewhere": 2143, "governs": 1857, "graciously": 682, "healthful": 1939, "vowing": 2260, "alive": 3070, "newer": 1820, "filed": 1564, "hopes": 1949, "prince's": 3003, "line": 1433, "warlike": 2866, "dull": 1007, "directed": 1001, "bevel": 1976, "immured": 1547, "helicon": 2309, "lover's": 1288, "goodwill": 3015, "sullied": 466, "us": 3020, "planet": 2931, "politic": 2003, "wicked": 2587, "proves": 2014, "called": 1093, "vassalage": 666, "repulse": 2458, "archers": 2489, "constant": 433, "bind": 2782, "goodly": 1518, "likewise": 2561, "allayed": 1190, "influence": 456, "precept": 2534, "rarities": 1251, "single": 292, "mightier": 468, "evening": 3177, "tuneless": 2807, "assailed": 1391, "surmise": 1920, "sullen": 754, "hardens": 2901, "peace": 1446, "fears": 1783, "dimmed": 2685, "afford": 1502, "forgo": 2771, "becomes": 2388, "hove": 3199, "confine": 1546, "mock": 1260, "smiles": 2505, "draw": 547, "aright": 2233, "clean": 1452, "besiege": 54, "breasts": 2071, "rise": 1715, "lent": 3001, "makeless": 298, "hair": 2719, "wrinkle": 1717, "desert": 1097, "paps": 3088, "land": 3117, "happier": 214, "spend'st": 1711, "vice": 3102, "blend": 2958, "age": 126, "wards": 1081, "oppress": 2911, "enrolled": 3028, "far": 1014, "fresh": 30, "marvel": 2236, "having": 153, "once": 657, "pervert": 2786, "wilfulness": 1916, "love-god": 2285, "melts": 2647, "highmost": 242, "deformed'st": 1866, "soften": 2859, "alien": 1486, "gladly": 268, "go": 383, "ruminate": 1301, "seemed": 1678, "uphold": 409, "young": 1390, "send": 671, "breaches": 3173, "obstinate": 2912, "blaze": 2640, "debarred": 718, "pleasing": 285, "sent": 2820, "virtuous": 1597, "queen": 2674, "assay": 2960, "tread": 2539, "torture": 2095, "'now": 1889, "huntsman": 3007, "confounding": 1283, "rhyme": 474, "languished": 2195, "firmly": 3016, "scanted": 1913, "accuse": 1912, "kindled": 2329, "timely": 2345, "entire": 2379, "augment": 2808, "iniquity": 1278, "bonds": 1587, "try": 1822, "race": 1132, "verdict": 1054, "betwixt": 1060, "challenge": 2635, "sovereign": 818, "thereunto": 3106, "crow": 1386, "work's": 700, "mishap": 3137, "issueless": 295, "plead": 621, "pity-wanting": 2149, "victor": 1392, "waning": 2023, "expressed": 623, "henceforth": 2723, "rotten": 847, "attire": 2714, "bird": 2762, "body": 628, "led": 2864, "chose": 1655, "gathered": 1998, "sins": 1650, "believed": 2154, "scythe": 1253, "aggravate": 2210, "let": 200, "others": 389, "dissuade": 2161, "sing": 287, "miser": 1449, "extreme": 2061, "convert": 441, "burthens": 1741, "conceit": 458, "metre": 509, "leaving": 222, "janus": 2338, "survey": 1136, "defeat": 1263, "climb": 2447, "makes": 712, "honor": 2361, "composed": 1230, "chaste": 2290, "sire": 281, "forbid": 1210, "win": 1950, "whoe'er": 2101, "innocence": 2363, "messengers": 1036, "uprear": 1098, "wit": 676, "lodging": 3083, "doubtfully": 2593, "scandal": 1843, "choked": 2790, "cloud": 836, "bent": 1611, "nest": 3082, "use": 80, "from": 0, "hammered": 1957, "few": 1414, "doubt": 2989, "contentment": 2696, "themselves": 386, "stage": 450, "cheeks": 1907, "possession": 525, "pencil": 477, "babe": 604, "pretty": 960, "famoused": 652, "inclined": 2560, "heir": 23, "hied": 2282, "infection": 1340, "charming": 2504, "sore": 2967, "insufficiency": 2245, "train": 2434, "sharply": 2922, "tattered": 69, "special-blest": 1146, "harvest": 3089, "annoy": 272, "escaped": 3009, "account": 772, "meek": 2323, "heard": 2532, "this": 131, "ride": 1512, "pour": 2538, "praise": 78, "meet": 1643, "drops": 1789, "befits": 968, "proof": 1821, "control": 1211, "grow'st": 341, "deigned": 3140, "rapt": 2750, "high": 489, "sought": 764, "his": 21, "something": 1568, "bones": 792, "darkening": 1713, "paws": 533, "trumpet": 2524, "lamb": 1665, "summers": 1758, "six": 3118, "compounded": 1406, "hinders": 2451, "lame": 914, "sickle's": 1908, "holds": 445, "thrall": 2297, "enbrew": 2886, "slandering": 2037, "mightst": 972, "immoral": 3143, "sin": 1265, "servile": 3062, "entrapped": 2726, "attend": 1022, "annexed": 1707, "await": 3044, "canker": 873, "abuse": 2113, "fits": 1968, "tomb": 494, "physic": 849, "winter": 1669, "bear'st": 313, "light": 228, "sit": 2761, "lines": 475, "trembling": 2304, "chief": 985, "writ": 1552, "allow": 552, "pyramids": 1990, "looking": 1004, "counted": 2031, "boldened": 2362, "neglect": 1723, "beauties": 385, "stamped": 1844, "transfix": 1245, "attain": 3148, "move": 1073, "damsel": 2496, "sightless": 707, "o'erlook": 1527, "briar": 2599, "whilst": 645, "beguile": 110, "dearest": 916, "enclose": 1651, "looks": 239, "tyrant": 470, "allurement": 2657, "thyself": 598, "bunch": 2982, "down-rased": 1295, "frailties": 1808, "brood": 536, "whereon": 454, "decay": 406, "lo": 225, "brook": 2308, "whereof": 1150, "willing": 1829, "restrain": 2789, "tickled": 2049, "greater": 955, "bolder": 3050, "snaky": 3164, "sweets": 262, "kiss": 2184, "hands": 1078, "owner's": 1735, "kindness": 904, "affections": 1818, "day": 250, "empress": 2671, "footstool": 2847, "profound": 1848, "eased": 722, "trimmed": 1322, "slide": 1031, "truth": 437, "beasts": 2881, "rising": 2253, "medicines": 2853, "treads": 2076, "pitying": 2085, "pitty": 2740, "doing": 1601, "ills": 1937, "alteration": 1899, "society": 1345, "decays": 2738, "measure": 1376, "our": 892, "bay": 2633, "tenth": 934, "phoebus": 2623, "special": 1144, "out": 832, "respects": 1095, "'": 1108, "sway'st": 2044, "confess": 888, "sufficed": 921, "bad": 1847, "mate": 3194, "messenger": 2523, "wondrous": 1770, "cause": 2248, "red": 1705, "stare": 2722, "perish": 357, "frank": 147, "withering": 2025, "embrew": 2659, "greedy": 2694, "darkly": 999, "attending": 1338, "tresses": 2713, "thrust": 1077, "cured": 1941, "her": 122, "spill": 2739, "could": 217, "times": 213, "counterpart": 1554, "keen": 537, "sorrow's": 2752, "mortal": 1042, "hence": 1520, "designed": 3069, "rudely": 2354, "finest": 2480, "new-appearing": 236, "fragrant": 1647, "pitied": 2173, "possessing": 1454, "juncats": 3095, "powerful": 1171, "loveliness": 134, "mocks": 2899, "such": 436, "unworthy": 2358, "reigned": 1807, "quality": 430, "moiety": 1058, "sadly": 261, "humbless": 2324, "ordering": 279, "dove": 1868, "vulgar": 932, "their": 500, "fray": 2882, "prouder": 1626, "felly": 2910, "fairest": 1, "painful": 650, "malady": 2851, "lot": 3135, "were't": 2006, "dreary": 2875, "prefiguring": 1780, "herself": 2351, "commence": 886, "soundless": 1511, "steel": 1958, "loved": 982, "unlooked": 649, "aught": 2007, "o'er": 377, "riches": 3081, "richer": 1625, "bed": 691, "bee": 3041, "jollity": 1323, "transgression": 1955, "body's": 699, "loves": 894, "lover": 798, "bare": 1372, "lily's": 1691, "steep": 2273, "devotion": 2559, "descriptions": 1774, "drunk": 1942, "beggared": 1347, "false": 564, "forget'st": 1710, "beggar": 1319, "labouring": 1225, "gently": 2043, "refigured": 216, "gentle": 168, "buy": 2211, "torment": 943, "have": 422, "re-survey": 795, "need": 1126, "turn": 2183, "sings": 755, "bastard": 1358, "afraid": 2457, "thessalian": 2624, "skillful": 3067, "bough": 1742, "therewith": 2902, "which": 182, "deprave": 2630, "willful": 2668, "lily": 2299, "adieu": 2340, "unless": 905, "centre": 2200, "who": 283, "privilage": 1217, "time's": 476, "harmful": 1826, "offend": 2405, "but": 13, "prisoner": 190, "expired": 701, "why": 135, "statute": 2107, "deny": 312, "weene": 2478, "bred": 2314, "stronger": 1309, "disease": 2220, "widow's": 290, "looked": 1781, "wounded": 1966, "constrain": 3151, "painting": 1538, "outlive": 939, "deface": 204, "impression": 1841, "sail": 1570, "th'utmost": 2844, "couldst": 82, "th'image": 2399, "burden": 3056, "poesy": 1488, "portliness": 2360, "bring": 878, "utter": 2837, "rough": 514, "obsequious": 2016, "filthy": 3144, "pleased": 2156, "spurring": 1118, "envy": 1395, "succour": 2917, "knowledge": 431, "sparks": 3170, "(": 2972, "mute": 1544, "should": 17, "baser": 2372, "bases": 2013, "preposterously": 1810, "marriage": 1894, "inhabit": 1361, "achieve": 1343, "spun": 2577, "doubting": 1893, "handle": 2301, "means": 472, "beat": 2665, "familiar": 1576, "lucky": 3136, "bear": 24, "beam": 2947, "perfection": 446, "words": 1465, "maker's": 2583, "leases": 2000, "spur": 1109, "offence's": 860, "heretic": 1999, "evident": 323, "brain": 1481, "gust": 1878, "married": 1525, "summon": 760, "she": 116, "contain": 1475, "cruelness": 2547, "fixed": 588, "view": 708, "spotted": 2880, "strengthened": 1731, "sluttish": 1176, "untrue": 1411, "outbraves": 1645, "miscalled": 1335, "frame": 171, "shake": 516, "legacy": 139, "merits": 2167, "changes": 3180, "violet": 372, "heares": 3125, "despoiled": 2865, "allured": 2734, "battery": 2460, "closet": 3155, "pattern": 553, "vows": 2463, "brunt": 2436, "tend": 1154, "favor": 2928, "state": 738, "smelled": 2973, "boughs": 1416, "neither": 480, "besmeared": 1175, "complement": 2582, "wiry": 2045, "perfect": 3114, "weighing": 3021, "sorely": 2823, "dressings": 1992, "joy": 264, "sorrow": 855, "hooks": 2829, "key": 1134, "precious": 1202, "swift": 1029, "haughty": 2905, "hits": 1961, "figured": 1797, "instant": 1145, "limits": 1013, "trump": 2639, "thence": 1124, "equal": 1549, "minds": 1895, "fulfilled": 2935, "april": 121, "admit": 1896, "streams": 824, "store's": 2128, "runneth": 2510, "canopy": 2009, "kinds": 1809, "glorious": 813, "comment": 457, "unfolding": 1147, "shewed": 2706, "walk": 2053, "commend": 1374, "beguiled": 1224, "laugh": 2898, "table": 627, "unclean": 2609, "renewest": 108, "addition": 575, "gaze": 172, "slowly": 3175, "certain": 1890, "waste": 47, "tyranny": 1888, "senses": 2160, "proudest": 2466, "league": 1061, "painted": 556, "releasing": 1586, "cockatrices": 2846, "hear'st": 260, "lets": 403, "pageants": 2892, "unmoved": 1642, "painter": 625, "debtor": 2112, "novel": 1991, "wilt": 318, "plain": 1535, "addeth": 2120, "will": 66, "riper": 16, "ensconce": 1096, "damsels": 2979, "sith": 2608, "dight": 3133, "ripe": 1572, "pleasance": 2507, "almost": 747, "ne": 2612, "up-locked": 1135, "thus": 1119, "lust": 2056, "pleasauns": 3201, "lambs": 1661, "sits": 2763, "halt": 1606, "dilate": 3005, "perhaps": 1405, "cross": 861, "adverse": 880, "strange": 1152, "duteous": 253, "merciful": 2848, "freezings": 1671, "party": 881, "love-pined": 2316, "well-contented": 791, "slave": 1201, "flesh": 1008, "shames": 2543, "bale": 2315, "drink": 1831, "upon": 137, "effect": 193, "outcast": 737, "nightly": 1578, "december's": 1673, "dust": 793, "judgment": 1882, "audit": 164, "argue": 3111, "mention": 2614, "i": 327, "whole": 2578, "love-afamished": 3191, "well": 967, "thought": 326, "amends": 1722, "oft": 1483, "sets": 461, "arising": 753, "twire": 731, "lest": 901, "restore": 2106, "heavily": 769, "circle's": 2933, "gulls": 1579, "cries": 742, "interim": 1194, "books": 2940, "ed.ry": 2676, "laurel": 2617, "skill": 1333, "dost": 109, "afflicted": 2325, "begin": 2395, "web": 2572, "feathered": 2177, "field": 59, "pompous": 3098, "bell": 1399, "sky": 2443, "fled": 1401, "reasons": 1100, "add": 1378, "other": 401, "wet": 289, "ought": 2533, "raven": 2034, "long-lacked": 2312, "fate": 744, "worlds": 2876, "devised": 1531, "recure": 2552, "crushed": 1279, "smother": 1067, "royalty": 3099, "five": 2158, "know": 1159, "unseen": 1929, "press": 2146, "woeful": 2196, "loss": 852, "necessary": 1801, "like": 246, "lost": 1436, "redound": 2515, "perpetual": 2295, "rich-proud": 1290, "admitted": 2123, "illusion": 2487, "heed": 2721, "lose": 524, "bane": 2780, "nerves": 1956, "works": 1491, "soft": 1698, "page": 1803, "lends": 148, "therein": 640, "decease": 20, "exceed": 1539, "inconstant": 459, "portly": 2357, "peer": 3004, "thief": 952, "authority": 1329, "immortal": 2483, "hush": 1739, "shew": 2949, "growth": 1709, "home": 1593, "heaven's": 589, "leaf": 2618, "lead": 977, "eternize": 3078, "leap": 1017, "does": 3130, "passion": 560, "masked": 837, "o'ertake": 844, "slight": 1023, "death's": 414, "expire": 1426, "although": 891, "worthy": 687, "posterity": 224, "imaginary": 704, "insults": 1792, "hiding": 845, "gained": 2708, "waving": 3128, "about": 1858, "murd'rous": 2058, "rare": 2581, "engines": 2465, "linger": 3198, "freedom": 1047, "swear": 2080, "gainer": 1598, "tongue": 503, "beshrew": 2093, "gladsome": 2956, "own": 40, "letters": 2797, "attaint": 1526, "guard": 1099, "promise": 839, "esteem": 2038, "lawful": 884, "forget": 1410, "lasting": 1980, "veil": 1656, "trenches": 58, "watchman": 1264, "spread": 3049, "function": 1859, "ivory": 2476, "prophetic": 1784, "brand": 2267, "invocate": 937, "fountains": 866, "gait": 2054, "prophecies": 1779, "plague": 1873, "gain": 988, "ear": 2047, "misdeem": 2990, "bud": 41, "he": 248, "count": 90, "made": 351, "wise": 2145, "princes": 1170, "glory": 922, "whether": 1232, "wish": 2115, "grieve": 766, "triumphant": 830, "placed": 3103, "cruel": 1285, "converted": 254, "monument": 1522, "minutes": 1238, "display": 3093, "bearing": 600, "furies": 3163, "deaths": 1165, "devise": 3076, "accounts": 2634, "dearth": 2206, "tempered": 2548, "liberties": 2992, "dumpish": 2342, "goodness": 1940, "ink": 1796, "fleeting": 1670, "self-killed": 211, "endeared": 778, "nursed": 1479, "mutual": 278, "'ll": 1596, "didst": 838, "dressed": 1686, "boot": 2117, "forests": 1756, "detain": 2027, "slumbers": 1258, "book": 659, "beweep": 736, "sick": 1498, "sprite": 2343, "behold": 371, "dead-doing": 2300, "dresses": 2718, "semblance": 400, "star": 678, "secretly": 2793, "oppression": 721, "variation": 1456, "stay": 460, "methinks": 421, "chance": 2320, "quietus": 2030, "earthly": 3054, "pacify": 2426, "gloriously": 3034, "astronomy": 423, "friends": 784, "ghost": 1577, "stirred": 581, "ranks": 809, "love-kindling": 2271, "jewel": 709, "entreat": 2327, "pupil": 478, "lives": 874, "abhor": 2249}