{"all": ["thrall"], "hooks": ["looks"], "invent": ["argument", "monument"], "hath": ["wrath"], "astray": ["prey"], "amiss": ["this", "is"], "shot": ["jot"], "feeding": ["needing"], "depend": ["end"], "granting": ["wanting"], "ordained": ["pained"], "leap": ["reap"], "mate": ["state"], "pride": ["side", "tried", "guide"], "sway": ["obey"], "fly": ["majesty", "by", "spy"], "assay": ["way", "decay"], "rhyme": ["time"], "none": ["one", "paragon"], "felicity": ["die"], "hems": ["gems"], "difference": ["excellence"], "heaven": ["even"], "prize": ["devise"], "tear": ["appear", "hear"], "die": ["eye", "lie", "cruelty", "tie", "felicity"], "conceive": ["weave"], "undone": ["shun"], "excellence": ["expense", "difference"], "plain": ["contain"], "graces": ["faces"], "rents": ["ornaments"], "winds": ["minds"], "dried": ["divide"], "pass": ["was"], "obey": ["sway"], "even": ["heaven"], "admire": ["desire", "attire", "aspire"], "hide": ["ride"], "appear": ["tear", "bear", "everywhere", "clear"], "sun": ["done"], "liberty": ["injury"], "prevailed": ["assailed"], "above": ["love"], "attire": ["admire", "inspire"], "new": ["you"], "ever": ["never"], "told": ["old"], "melancholy": ["thee"], "ranged": ["exchanged"], "men": ["pen"], "herd": ["beard"], "hours": ["flowers"], "beck": ["check"], "excess": ["lease"], "alone": ["one", "gone", "groan", "prone"], "sing": ["wing", "spring"], "quite": ["write"], "tragedy": ["comedy"], "change": ["strange"], "leaves": ["sheaves"], "guide": ["beside", "pride"], "love": ["approve", "above", "prove", "remove", "dove"], "divide": ["dried"], "spy": ["fly", "eye"], "paragon": ["none"], "young": ["tongue"], "assemble": ["resemble"], "wit": ["sit", "whit", "flit"], "decrease": ["increase"], "surmount": ["account"], "use": ["abuse"], "eye": ["die", "lie", "gravity", "history", "spy"], "proceed": ["weed"], "prove": ["love"], "wrongs": ["belongs"], "live": ["give"], "come": ["doom"], "memory": ["sky", "masonry", "eternity", "chastity"], "taken": ["shaken", "forsaken"], "scope": ["hope"], "injury": ["liberty"], "tell": ["well", "dwell", "smell", "hell"], "more": ["store", "poor"], "dismay": ["ray"], "assailed": ["prevailed"], "mad": ["had"], "reign": ["complain"], "aware": ["snare"], "grief": ["thief"], "controlling": ["rolling"], "doom": ["come"], "me": ["thee", "ye", "free", "see"], "account": ["surmount"], "hour": ["sour"], "this": ["amiss"], "ride": ["hide", "tied"], "remain": ["vain", "pain"], "sour": ["hour"], "crossed": ["engrossed"], "mortality": ["majesty"], "praise": ["days", "lays"], "dazed": ["amazed"], "arrive": ["alive"], "history": ["eye"], "ensue": ["hue"], "heart": ["art", "part", "smart"], "compare": ["rare", "are"], "immortalize": ["likewise"], "bent": ["discontent"], "give": ["live"], "conspire": ["desire", "hire"], "counterfeit": ["unset", "set"], "end": ["depend", "spend", "commend"], "sit": ["wit"], "thrall": ["all"], "write": ["night", "quite"], "husbandry": ["posterity"], "sin": ["begin"], "sweat": ["heat"], "fever": ["never"], "tried": ["pride"], "attend": ["mind"], "may": ["betray"], "disgraced": ["misplaced"], "tied": ["ride"], "wrong": ["tongue"], "abuse": ["use"], "blood": ["good"], "dove": ["love"], "grow": ["show"], "short": ["report"], "resemble": ["assemble"], "light": ["sight", "bright", "fight", "sprite", "flight"], "greet": ["sweet"], "shore": ["store"], "green": ["seen"], "offend": ["amend"], "pleasure": ["treasure", "measure"], "wing": ["sing"], "wind": ["find"], "poor": ["more"], "wound": ["bound"], "insight": ["sight"], "looks": ["hooks"], "committed": ["fitted"], "hell": ["tell"], "cold": ["manifold"], "still": ["hill", "skill"], "discloses": ["roses"], "brood": ["food"], "decay": ["away", "say", "pray", "play", "assay"], "pray": ["decay"], "deeds": ["exceeds"], "spacious": ["gracious"], "main": ["gain"], "might": ["rite", "sight", "fight"], "good": ["blood"], "return": ["born"], "food": ["brood"], "thee": ["usury", "me", "see", "be", "melancholy", "thee"], "ye": ["me"], "bound": ["wound"], "break": ["speak"], "stout": ["out"], "not": ["forgot"], "now": ["brow"], "complain": ["reign"], "strive": ["alive"], "comedy": ["tragedy"], "name": ["same"], "feast": ["guest"], "exiled": ["yield"], "truth": ["youth"], "wantonly": ["dye"], "found": ["sound"], "side": ["pride"], "fired": ["inspired"], "begin": ["sin"], "decays": ["days"], "remove": ["love"], "measure": ["pleasure"], "whit": ["wit"], "out": ["stout"], "shown": ["own"], "missed": ["subsist"], "abide": ["wide"], "increase": ["cease", "decrease", "decease", "peace"], "laid": ["staid"], "race": ["chase"], "sustain": ["vain"], "hill": ["still"], "impart": ["desert"], "sweet": ["greet"], "red": ["spread"], "assured": ["endured"], "state": ["mate"], "free": ["me", "be"], "spies": ["eyes"], "reason": ["treason"], "shun": ["undone"], "crowned": ["confound"], "weed": ["proceed"], "care": ["are"], "spill": ["will"], "needing": ["feeding"], "days": ["praise", "decays", "lays"], "keep": ["weep"], "impure": ["allure"], "thine": ["mine", "divine", "shine"], "aspire": ["fire", "admire"], "lay": ["say", "away"], "one": ["loan", "alone", "none"], "done": ["sun"], "sounds": ["confounds"], "affords": ["words"], "moan": ["upon"], "story": ["glory"], "guest": ["feast", "rest"], "least": ["possessed"], "chastity": ["memory"], "dwell": ["tell"], "white": ["delight"], "store": ["more", "shore"], "lease": ["decease", "excess"], "hue": ["true", "anew", "grew", "shew", "ensue"], "eyes": ["lies", "spies", "miseries", "enemies"], "decked": ["aspect"], "part": ["heart", "smart", "art", "depart"], "bower": ["power"], "kept": ["except"], "vain": ["sustain", "remain"], "flowers": ["hours"], "king": ["spring"], "kind": ["confined", "bind", "kind"], "grew": ["hue"], "miseries": ["eyes"], "writ": ["it"], "youth": ["truth"], "matter": ["her"], "friend": ["spend"], "were": ["bear", "near"], "beard": ["herd"], "turned": ["burned"], "argument": ["invent", "spent"], "say": ["decay", "lay"], "rent": ["spent"], "have": ["grave"], "seen": ["queen", "green"], "seek": ["cheek"], "alive": ["strive", "arrive"], "ray": ["dismay", "day"], "lie": ["eye", "deny", "i", "die", "by"], "form": ["be"], "pry": ["jealousy"], "reeks": ["cheeks"], "gravity": ["eye"], "take": ["make", "awake"], "wanting": ["granting"], "play": ["decay"], "adieu": ["you"], "pain": ["remain"], "price": ["entice"], "falls": ["calls"], "most": ["lost"], "endure": ["cure"], "disarmed": ["warmed"], "grave": ["have"], "deny": ["lie"], "clear": ["appear"], "flow": ["woe"], "disease": ["please"], "face": ["disgrace", "chase"], "forsook": ["brook"], "review": ["due"], "fitted": ["committed"], "discontent": ["accident", "bent"], "bait": ["straight"], "inspire": ["attire"], "show": ["so", "know", "grow"], "queen": ["seen"], "bright": ["light", "sight"], "expressed": ["best"], "appease": ["please"], "find": ["wind", "mind", "signed"], "slow": ["know"], "spite": ["delight"], "treasure": ["pleasure"], "enough": ["tough"], "crime": ["time"], "staid": ["laid"], "betray": ["may"], "fuel": ["cruel"], "stain": ["again"], "hope": ["scope"], "exchanged": ["ranged"], "his": ["is"], "wide": ["abide", "implied"], "tomb": ["womb"], "bear": ["ear", "were", "appear"], "words": ["affords"], "report": ["short", "sport"], "dye": ["wantonly"], "rite": ["might"], "is": ["his", "amiss"], "prime": ["time"], "yield": ["field", "exiled"], "contain": ["plain"], "kill": ["fill", "back"], "womb": ["tomb"], "where": ["there"], "view": ["hew", "eschew"], "set": ["counterfeit"], "art": ["heart", "part"], "declines": ["shines"], "deemed": ["esteemed"], "see": ["thee", "me"], "allure": ["impure"], "are": ["compare", "care", "rare", "war", "snare"], "bark": ["mark", "dark"], "sport": ["report"], "best": ["rest", "expressed", "indigest", "suppressed"], "forlorn": ["adorn"], "away": ["decay", "gay", "day", "lay"], "please": ["appease", "disease"], "behind": ["mind"], "won": ["son"], "woe": ["flow", "know", "so", "overthrow"], "burned": ["turned"], "presage": ["age"], "ire": ["hire"], "anew": ["hue", "due"], "never": ["fever", "ever"], "jot": ["shot"], "amen": ["pen"], "sorrow": ["morrow"], "monument": ["invent"], "pained": ["ordained"], "devour": ["power"], "spoil": ["toil"], "suppressed": ["best"], "accident": ["discontent"], "ill": ["will", "skill", "pill", "fill"], "minds": ["winds"], "faces": ["graces"], "exceeds": ["deeds"], "inspired": ["fired"], "expense": ["excellence"], "approve": ["love"], "tough": ["enough"], "majesty": ["fly", "mortality"], "had": ["mad"], "loan": ["one"], "commend": ["end"], "prone": ["alone"], "kings": ["things"], "speak": ["break"], "devil": ["evil"], "west": ["rest", "east"], "due": ["review", "anew"], "mark": ["bark"], "belongs": ["wrongs"], "fry": ["i"], "define": ["mine"], "flight": ["light", "sight"], "sprite": ["light"], "gay": ["away"], "fire": ["desire", "aspire"], "mind": ["behind", "attend", "find"], "cruelty": ["die"], "mine": ["thine", "define"], "awake": ["take"], "dote": ["denote"], "catch": ["latch"], "masonry": ["memory"], "overturn": ["burn"], "captivity": ["tie"], "gracious": ["spacious"], "sound": ["found"], "look": ["book"], "enfold": ["bold"], "amend": ["offend"], "sheaves": ["leaves"], "straight": ["bait"], "will": ["ill", "spill", "skill"], "near": ["were"], "endured": ["assured"], "invited": ["delighted"], "buried": ["spread"], "brow": ["now"], "it": ["it", "writ"], "confound": ["crowned"], "askew": ["hew"], "chase": ["face", "displace", "race"], "descent": ["lent"], "things": ["kings"], "make": ["take"], "dishonor": ["her"], "engrossed": ["crossed"], "same": ["name"], "beside": ["guide"], "strange": ["change"], "esteemed": ["deemed"], "upon": ["moan"], "effect": ["respect"], "evil": ["devil"], "hand": ["stand", "brand"], "delight": ["spite", "white"], "weep": ["keep"], "weave": ["conceive"], "so": ["show", "woe", "know", "no"], "i": ["lie", "fry"], "possessed": ["least"], "cheek": ["seek"], "well": ["tell"], "spent": ["argument", "rent"], "morrow": ["sorrow"], "toil": ["spoil"], "spend": ["end", "friend"], "amazed": ["dazed"], "manifold": ["cold"], "sights": ["rest"], "forsaken": ["taken"], "rest": ["west", "best", "guest", "sights"], "aside": ["bide"], "cease": ["increase"], "aspect": ["decked"], "depart": ["part"], "skill": ["still", "wrack", "ill", "will"], "gems": ["hems"], "renewed": ["subdued"], "field": ["yield"], "sky": ["memory"], "except": ["kept"], "day": ["away", "ray"], "spread": ["buried", "red"], "overthrow": ["woe"], "east": ["west"], "pill": ["ill"], "smart": ["part", "heart", "dart"], "displace": ["chase"], "dart": ["smart"], "dark": ["bark"], "redeem": ["esteem"], "know": ["woe", "slow", "show", "so"], "pilgrimage": ["age"], "confined": ["kind"], "snare": ["aware", "are"], "reap": ["leap"], "behold": ["bold"], "desire": ["conspire", "admire", "fire"], "lost": ["most"], "entice": ["price"], "night": ["sight", "write"], "indigest": ["best"], "decease": ["lease", "increase"], "warmed": ["disarmed"], "wrack": ["skill"], "old": ["told"], "spring": ["king", "sing"], "thief": ["grief"], "dead": ["head", "astonished"], "hair": ["dyed"], "born": ["return", "adorn"], "sight": ["night", "light", "right", "might", "bright", "flight", "insight"], "respect": ["effect"], "divine": ["thine"], "enemies": ["eyes"], "confounds": ["sounds"], "wrath": ["hath"], "be": ["thee", "form", "free"], "bold": ["behold", "enfold"], "power": ["bower", "devour"], "burn": ["overturn"], "posterity": ["husbandry"], "by": ["fly", "lie"], "shaken": ["taken"], "shine": ["thine"], "on": ["gone"], "throng": ["long"], "subdued": ["renewed"], "rare": ["compare", "are"], "stand": ["land", "hand"], "tongue": ["wrong", "young"], "misplaced": ["disgraced"], "own": ["shown"], "delighted": ["invited"], "son": ["won"], "lies": ["eyes"], "right": ["sight"], "esteem": ["redeem"], "hew": ["view", "askew"], "her": ["her", "dishonor", "matter"], "there": ["where"], "jealousy": ["pry"], "long": ["throng"], "fight": ["light", "might"], "cheeks": ["reeks"], "way": ["assay"], "prey": ["astray"], "was": ["pass"], "war": ["are"], "head": ["dead"], "groan": ["alone"], "brand": ["hand"], "back": ["kill"], "heat": ["sweat"], "hear": ["tear"], "gain": ["main"], "astonished": ["dead"], "brook": ["forsook"], "ear": ["bear"], "true": ["hue"], "usury": ["thee"], "hire": ["conspire", "ire"], "glory": ["story"], "shew": ["hue"], "flit": ["wit"], "signed": ["find"], "cruel": ["fuel"], "lays": ["days", "praise"], "eschew": ["view"], "bide": ["aside"], "latch": ["catch"], "adorn": ["borne", "born", "forlorn"], "gone": ["on", "alone"], "intents": ["accidents"], "disgrace": ["face"], "ornaments": ["rents"], "bind": ["kind"], "devise": ["prize"], "likewise": ["immortalize"], "forgot": ["not"], "denote": ["dote"], "cure": ["endure"], "subsist": ["missed"], "pen": ["men", "again", "amen"], "shines": ["declines"], "check": ["beck"], "fill": ["kill", "ill"], "again": ["pen", "stain"], "no": ["so"], "peace": ["increase"], "roses": ["discloses"], "book": ["look"], "tie": ["die", "captivity"], "you": ["new", "adieu"], "borne": ["adorn"], "smell": ["tell"], "eternity": ["memory"], "treason": ["reason"], "lent": ["descent"], "rolling": ["controlling"], "desert": ["impart"], "land": ["stand"], "calls": ["falls"], "age": ["pilgrimage", "presage"], "dyed": ["hair"], "implied": ["wide"], "time": ["crime", "rhyme", "prime"], "everywhere": ["appear"], "accidents": ["intents"], "unset": ["counterfeit"]}