{"fawn": 1555, "yellow": 1180, "four": 642, "hath": 405, "woods": 1747, "thirst": 2055, "hanging": 404, "mansion": 1532, "captain": 718, "hate": 182, "poorly": 722, "whose": 52, "feeding": 1303, "granting": 1042, "sweetest": 902, "under": 1356, "lord": 1753, "sorry": 324, "pride": 413, "sway": 874, "worth": 715, "wondrous": 1189, "amorous": 2098, "gillyflowers": 2026, "rashly": 2093, "women's": 352, "shoot": 1659, "every": 107, "foul": 1385, "prize": 2066, "conceive": 1646, "graces": 300, "triumph": 1571, "enjoy": 465, "force": 1948, "tired": 692, "awake": 1627, "razed": 1339, "feathers": 968, "direct": 1851, "tires": 727, "longwhile": 1969, "second": 886, "inheritors": 1535, "quill": 1010, "even": 263, "errors": 1117, "hide": 517, "ne'er": 305, "solemn": 710, "thunder": 249, "stars": 1668, "liberty": 786, "above": 1033, "new": 728, "increasing": 850, "ever": 940, "told": 1349, "deemed": 1120, "sinks": 643, "men": 259, "here": 2165, "herd": 219, "beck": 784, "resounded": 1744, "pursuit": 2048, "quite": 103, "dry": 526, "leaves": 102, "climbed": 126, "credit": 1471, "permit": 507, "bettered": 938, "settled": 688, "golden": 141, "divide": 1648, "starv'd": 1862, "sorrows": 1601, "patience": 787, "stern": 1764, "glance": 1478, "light's": 10, "would": 206, "mortality": 1703, "world's": 1715, "junes": 1185, "call": 1553, "therefore": 592, "gilding": 342, "tell": 246, "holy": 486, "brings": 1674, "infusion": 1810, "reign": 447, "pierced": 651, "grief": 671, "glass": 948, "former": 2017, "robbing": 1892, "needeth": 1705, "hold": 231, "must": 398, "me": 380, "word": 943, "err": 1419, "work": 750, "eclipse": 1199, "roof": 187, "ere": 888, "revenues": 1506, "root": 749, "fresher": 1003, "give": 78, "dolphin": 1885, "honey": 852, "immortally": 1927, "times": 121, "looser": 1766, "returned": 2052, "ceremony": 387, "end": 1086, "seest": 921, "dignifies": 1021, "th'only": 2161, "stint": 1921, "how": 381, "hot": 310, "answer": 1155, "o'er-snowed": 105, "fever": 1317, "beauty": 30, "after": 237, "wrong": 1250, "lay": 1162, "lap": 1134, "purchase": 1864, "greet": 683, "pityless": 1984, "wink": 762, "green": 221, "keeps": 1380, "wing": 970, "wind": 251, "couplement": 355, "consent": 448, "over": 1376, "profaned": 1389, "viper's": 1611, "strangle": 1063, "wrought": 2013, "before": 882, "fit": 2043, ",": 1450, "crew": 2014, "better": 933, "nobler": 1566, "hidden": 497, "then": 26, "them": 499, "weakness": 1049, "thee": 77, "break": 525, "throned": 1113, "diseased": 1308, "they": 154, "glazed": 407, "yourself": 2145, "silver": 2101, "shadows": 616, "brightness": 1619, "rocks": 856, "choir": 1743, "each": 248, "wantonly": 739, "dulness": 768, "feeds": 1936, "side": 1522, "lofty": 209, "woes": 1979, "concord": 145, "taught": 960, "stealing": 518, "whit": 1841, "blinded": 1658, "borne": 225, "fraught": 2025, "forts": 1706, "god": 2006, "washed": 2060, "forty": 2010, "laid": 1409, "heavenly": 128, "newly": 2033, "marigold": 410, "forth": 1607, "assured": 1207, "written": 1604, "fadeth": 924, "revenge": 1557, "free": 1436, "bestow": 432, "steepy": 833, "evil": 1519, "crowned": 559, "mistress": 1375, "lour": 1654, "days": 35, "tied": 1465, "ruinate": 188, "penury": 1015, "separable": 546, "breed": 118, "angelic": 2143, "maladies": 1586, "featured": 459, "another": 119, "sober": 1427, "thick": 1696, "filching": 936, "cheerless": 1626, "usurer": 80, "top": 279, "millioned": 1269, "greedily": 1683, "master": 1198, "too": 24, "dwell": 1016, "bitter": 1300, "aslake": 1922, "likest": 1894, "plaint": 1739, "took": 1590, "wisdom": 195, "atalanta": 2108, "shortly": 2157, "upbrought": 2016, "mercy": 1527, "mother's": 2083, "tree": 1986, "bitterness": 776, "idly": 1151, "matter": 623, "idle": 821, "flame": 11, "friend": 613, "deserving": 1044, "askance": 1227, "mirth": 1975, "feeling": 1495, "powers": 1918, "swift-footed": 329, "ravished": 2092, "fashion": 1362, "ran": 1890, "modern": 1009, "mind": 178, "mine": 390, "untrained": 1956, "deserv'st": 581, "seen": 840, "seem": 392, "doff": 1803, "seek": 880, "tells": 1104, "ray": 1850, "strength": 391, "sound": 1719, "pilgrimage": 142, "rider": 699, "maiden": 283, "shall": 253, "object": 343, "dulling": 1175, "plenty": 1863, "echoes": 1748, "disarmed": 1596, "grave": 995, "shalt": 679, "constancy": 1190, "foist": 1345, "enchased": 2135, "flow": 470, "steeled": 1247, "storm": 1897, "forsook": 2050, "breathed": 2138, "fitted": 1314, "reserve": 503, "discontent": 1359, "bait": 1408, "inspire": 1809, "queen": 1114, "quench": 2054, "earth": 360, "enjoyed": 1401, "touches": 304, "busy": 1512, "spite": 547, "woman's": 597, "touched": 306, "rich": 362, "forelock": 2071, "borrowed": 1387, "do": 151, "blenches": 1228, "kindling": 1647, "watch": 774, "perceive": 258, "leisure": 1324, "raiment": 376, "guileful": 1693, "report": 1007, "beseen": 1802, "seemly": 375, "fields": 2110, "bay": 1460, "children's": 174, "bad": 1264, "steal": 551, "farther": 455, "fair": 51, "imitate": 877, "nut": 1796, "proclaims": 1209, "allure": 1763, "corrupt": 1457, "best": 672, "subject": 1017, "said": 2087, "bett'ring": 500, "away": 208, "sail": 985, "bier": 226, "chiding": 1528, "finger": 1112, "scorn": 1635, "drawn": 2076, "ire": 2155, "discovery": 1950, "we": 1343, "never": 650, "vows": 1273, "weak": 1917, "ignorance": 964, "authorizing": 534, "disdaineth": 1756, "wear": 272, "news": 1488, "pity": 1240, "war's": 754, "accident": 1351, "disdain": 1711, "ill": 1057, "against": 568, "mildly": 1652, "receives": 1234, "faces": 308, "exceeds": 1563, "expense": 483, "asked": 28, "tough": 1795, "character": 802, "vain": 1861, "height": 270, "prone": 1497, "lowly": 2047, "springs": 1179, "trust": 384, "heals": 530, "speak": 529, "ease": 1614, "time-bettering": 1005, "condemned": 1141, "rebounded": 1749, "three": 1178, "been": 1293, "particulars": 1080, "much": 290, "interest": 493, "captives": 1675, "fry": 1838, "lovely": 975, "thrice": 1433, "idol": 1801, "life": 640, "sprite": 1603, "sunshine": 1896, "craft": 1776, "dote": 1548, "child": 1509, "catch": 1258, "doth": 373, "erst": 214, "gracious": 825, "physician": 1540, "persueth": 1686, "air": 369, "ugly": 511, "near": 1487, "aid": 1039, "prostrate": 1985, "launched": 1994, "rent": 1367, "'mongst": 2100, "changed": 1667, "learned's": 969, "it": 123, "shame": 43, "to-morrow": 764, "in": 133, "bounteous": 74, "if": 143, "wooing": 1525, "descent": 2085, "patent": 1046, "things": 366, "make": 207, "wound": 531, "beside": 1734, "bid": 779, "entitled": 558, "lusty": 34, "lusts": 1768, "hang": 736, "rain": 250, "hand": 911, "delight": 552, "corruption": 2119, "descry": 2022, "dark": 2130, "blamed": 586, "thoughts": 433, "kept": 1543, "thy": 9, "singleness": 157, "changes": 1249, "possessed": 180, "humble": 983, "inherit": 1095, "ocean": 841, "greatest": 670, "pandora": 1788, "hearts": 1592, "the": 31, "yours": 1319, "left": 167, "rubies": 1718, "therewith": 1817, "appease": 1883, "just": 1221, "wasteful": 744, "broom-flower": 1798, "forsaken": 1431, "thanks": 564, "yet": 85, "compeers": 1037, "had": 1143, "belongs": 1087, "prison": 2123, "pitiful": 1372, "east": 1425, "gave": 812, "bands": 2034, "spacious": 1444, "reviewest": 929, "birth": 554, "flesh's": 1804, "shadow": 615, "desire": 192, "melting": 1889, "feed'st": 8, "gift": 813, "night": 475, "antique": 799, "right": 869, "old": 1217, "crown": 1206, "dead": 494, "born": 1347, "winds": 1296, "dear": 489, "unvalued": 2104, "creep": 1271, "enemies": 445, "for": 47, "bosom's": 402, "comments": 1106, "foe": 22, "bold": 1420, "burn": 757, "losing": 1055, "taker": 1410, "disdains": 55, "shaken": 1286, "trophy": 2063, "theirs": 338, "haply": 1156, "frailer": 1332, "o": 563, "whilest": 1916, "lookers": 1762, "sprites": 2140, "match": 2167, "bath": 1585, "presence": 1967, "civil": 1914, "pays": 982, "delighted": 1494, "son": 598, "down": 644, "lies": 20, "refined": 1031, "strangely": 680, "despised": 1403, "jealousy": 823, "sovereign": 773, "fight": 811, "virgin": 1595, "way": 2053, "music": 1878, "was": 686, "war": 745, "carcanet": 719, "head": 887, "perfumes": 1184, "form": 165, "snowy": 2028, "becoming": 1560, "forgetful": 1147, "heinous": 335, "heat": 216, "perfumed": 733, "astonished": 1041, "removed": 496, "true": 144, "mouthed": 950, "humbled": 1673, "extremity": 703, "bids": 661, "crystal": 652, "adore": 138, "lays": 1129, "bide": 790, "latch": 1254, "adorn": 1820, "moly": 1799, "proved": 1231, "ornaments": 1501, "steep-up": 127, "beauty's": 889, "sometime": 309, "subsist": 1338, "shines": 312, "check": 791, "willingly": 919, "pipe": 1169, "dying": 1602, "no": 164, "when": 169, "lov'st": 1475, "vanquished": 1815, "thriftless": 45, "tie": 1910, "vanished": 484, "smell": 1131, "eternity": 959, "picture": 658, "intend": 436, "first-born": 365, "fell": 1684, "intent": 1685, "muse": 1148, "budded": 2030, "rolling": 341, "aware": 1876, "wrackful": 853, "warn": 1835, "to-day": 759, "longer": 2009, "blushing": 1400, "outwent": 2011, "daily": 1867, "beds": 1505, "time": 90, "backward": 794, "souls": 353, "invent": 980, "engrafted": 561, "leads": 91, "continual": 1904, "mild": 1698, "doom": 1530, "praises": 1243, "confounds": 96, "charge": 1538, "excellect": 1961, "terror": 1834, "suffered": 1326, "abundance": 19, "strumpeted": 868, "advantage": 843, "none": 1244, "votary": 1589, "mourn": 2163, "stays": 1573, "little": 1722, "brows": 2029, "soul's": 429, "clouds": 509, "did": 217, "die": 417, "forgets": 2078, "leave": 600, "excellence": 1102, "quick": 755, "round": 1856, "brave": 273, "says": 656, "rents": 1507, "cost": 1531, "dried": 1645, "tempest": 1882, "hymn": 1027, "fleet'st": 326, "appear": 495, "contracted": 2, "favour": 1365, "view": 1621, "april's": 364, "prescriptions": 1542, "wail": 1978, "honour": 863, "clerk": 1024, "agreement": 1865, "water": 1224, "alone": 582, "subtle": 1775, "appears": 1172, "change": 1059, "boy": 1213, "flames": 1650, "my": 377, "eke": 1729, "odour": 1133, "spheres": 1313, "respite": 1681, "love": 491, "humour": 1076, "tempteth": 1520, "saints": 2015, "paragon": 2042, "bloody": 1831, "betraying": 1564, "rash": 1639, "surmount": 830, "swallowed": 1407, "suff'ring": 612, "th'importune": 1778, "wealth": 555, "prove": 1454, "sake": 611, "angry": 1541, "joyous": 2057, "visit": 2141, "tears": 1605, "by": 148, "wrongs": 1085, "live": 88, "prey": 676, "memory": 276, "scope": 463, "angels": 1661, "loving": 604, "love's": 388, "dismay": 1854, "saphires": 1716, "neglected": 1508, "aright": 2002, "drown": 468, "everywhere": 1995, "virtue": 866, "fly": 966, "autumn": 1122, "decked": 2113, "soul": 1569, "sour": 778, "can": 242, "making": 15, "tune": 1493, "arrive": 2023, "deceased": 918, "lords": 1098, "immortalize": 2089, "predict": 256, "well-tuned": 146, "heard": 1348, "purity": 1526, "counting": 937, "noyous": 2156, "winter": 95, "divided": 575, "means": 1549, "vainly": 1466, "lour'st": 1556, "write": 296, "till": 601, "sword": 753, "husbandry": 57, "peerless": 2065, "may": 172, "lamping": 1598, "mad": 1411, "such": 303, "hateth": 1552, "dove": 2169, "grow": 1013, "man": 346, "remember": 910, "so": 50, "glancing": 1721, "thorns": 737, "durefull": 1643, "increase": 196, "augurs": 1202, "breaking": 1695, "receivest": 583, "wishing": 457, "brain": 1336, "shake": 449, "cold": 200, "still": 139, "birds": 1130, "solitary": 1965, "haughty": 1708, "faults": 533, "clearest": 2160, "maid": 1811, "tillage": 56, "stol'n": 492, "main": 805, "conquest": 2064, "pleasance": 1760, "sooner": 1402, "bound": 1666, "half": 1056, "not": 87, "now": 277, "twilight": 922, "nor": 241, "wont": 1165, "name": 577, "servant": 780, "arrows": 1724, "careless": 2069, "craftily": 1873, "veins": 1137, "fired": 1657, "receipt": 1452, "seeting": 1584, "year": 205, "naming": 1110, "living": 288, "shown": 897, "abide": 435, "looking": 441, "grecian": 726, "siege": 854, "cars": 1491, "spies": 1333, "plea": 654, "care": 675, "age's": 832, "workmanship": 1732, "goest": 1378, "contented": 466, "honest": 1580, "motion": 708, "thing": 685, "impure": 1769, "thine": 4, "place": 635, "husband": 1096, "sufferance": 789, "lurkest": 1610, "think": 634, "frequent": 1292, "first": 801, "blind": 443, "mayst": 955, "faculty": 1337, "one": 124, "nativity": 804, "consecrate": 932, "fast": 1265, "rind": 1794, "sounds": 147, "tame": 788, "open": 440, "affords": 1029, "given": 76, "checked": 100, "wrath": 1837, "caught": 1872, "slept": 1006, "chastity": 2068, "fiery": 1725, "white": 227, "speaking": 1012, "gives": 1154, "hue": 347, "eyes": 7, "pomp": 1354, "blazon": 1194, "that": 108, "men's": 351, "girded": 222, "flowers": 289, "than": 292, "stick'st": 184, "eyen": 1694, "wide": 330, "folly": 199, "apples": 2103, "were": 40, "happy": 280, "wandering": 2164, "and": 44, "angel": 1521, "turned": 1181, "argument": 976, "jewels": 667, "sad": 1201, "entombed": 996, "say": 36, "buried": 414, "sap": 99, "saw": 1187, "any": 556, "elsewhere": 1476, "meeds": 1816, "aside": 1479, "iron": 1839, "wretch": 697, "take": 926, "resembling": 130, "wanting": 422, "blunt": 1174, "begin": 2058, "sure": 1983, "pain": 1966, "price": 2105, "knew": 1750, "clearer": 620, "deriv'd": 2084, "falls": 1355, "unkindness": 1318, "boiling": 1825, "entreaty": 1736, "shorn": 885, "proud": 356, "steady": 1998, "hungry": 761, "massacres": 1672, "sunset": 923, "hear": 1740, "shop": 403, "shot": 1997, "show": 424, "worms": 1534, "trespass": 535, "bright": 6, "slow": 704, "woos": 596, "treasure": 32, "robs": 981, "enough": 523, "crime": 336, "staid": 2070, "only": 674, "black": 925, "deign": 1599, "stain": 1225, "wilfully": 990, "'tis": 522, "truly": 949, "whiles": 2096, "dye": 732, "intermixed": 1163, "is": 48, "prime": 906, "seldom": 711, "yield": 993, "morning": 1422, "naked": 431, "stupid": 1911, "ruddy": 2027, "comfortless": 1987, "unwares": 1785, "where": 18, "vision": 1256, "famine": 17, "salutation": 1328, "sport": 1107, "wonder": 1992, "youself": 2072, "crooked": 809, "review": 930, "dateless": 474, "colours": 1728, "behind": 168, "complexion": 315, "refreshed": 2122, "presage": 1204, "anew": 1002, "reascend": 2158, "pained": 1945, "pluck": 1135, "blame": 584, "countenance": 1765, "profitless": 79, "come": 301, "dates": 1342, "many": 282, "priests": 1774, "dwellers": 1364, "comes": 1233, "duty": 418, "among": 1455, "shamefully": 864, "disgrace": 521, "endeavor": 2126, "olives": 1210, "west": 520, "mark": 1284, "breath": 740, "raging": 2000, "self's": 238, "mars": 752, "hardly": 1923, "robbed": 1504, "thousand": 1996, "reighneth": 1754, "wounds": 1991, "extant": 1008, "spirit": 766, "those": 113, "paying": 1366, "myself": 1915, "enfold": 1874, "these": 557, "might": 395, "cancelled": 479, "endured": 1200, "tyraness": 1671, "soil": 847, "brow": 1196, "sleeping": 1594, "middle": 134, "limping": 873, "pinks": 2032, "ship": 1999, "different": 1132, "pay": 114, "same": 893, "food": 1618, "'truth": 1157, "drives": 2131, "weed": 942, "changing": 320, "weep": 163, "passing": 1727, "weave": 1781, "purer": 1669, "plaints": 1842, "dear-purchased": 1294, "winter's": 1625, "without": 197, "sea's": 361, "very": 931, "amazed": 1622, "gates": 859, "desolate": 2166, "manifold": 1828, "being": 27, "sights": 2146, "rest": 928, "ne": 1642, "bareness": 106, "kill": 765, "aspect": 2114, "speed": 701, "blow": 1357, "renewed": 1241, "thinking": 914, "rose": 881, "seems": 2024, "summer's": 220, "verse": 1040, "suppressed": 1474, "dully": 694, "struck": 1035, "pill": 1797, "kingdom": 844, "frown": 415, "kills": 1935, "read": 908, "sums": 84, "dart": 1787, "basest": 508, "confined": 1191, "world": 161, "snare": 1871, "reap": 1397, "dare": 769, "acquainted": 1050, "fortune": 243, "lightning": 1656, "oblivion": 1340, "offenders": 605, "fulfil": 1449, "falsehood": 1461, "smiles": 1933, "loosely": 1641, "captived": 1907, "worth's": 1289, "diving": 2097, "divine": 1215, "thinks": 1467, "gross": 1567, "passions": 1919, "courses": 798, "footing": 2111, "stops": 1168, "moon": 359, "forgoing": 1369, "expressing": 1192, "ever-fixed": 1283, "power": 1383, "assemble": 1267, "on": 93, "subdued": 1237, "zealous": 437, "of": 33, "whence": 1559, "stand": 278, "mixed": 1700, "bond": 1440, "or": 58, "imitated": 723, "widowed": 1127, "image": 400, "blessed": 1312, "lively": 1582, "blesses": 1111, "your": 235, "buds": 742, "hew": 1623, "her": 175, "there": 98, "sides": 1473, "stealth": 954, "gaze": 1640, "never-resting": 89, "groan": 1418, "dyer's": 1239, "delayed": 1823, "meetness": 1307, "land": 632, "with": 12, "hire": 1938, "self-same": 264, "sadness": 1888, "eschew": 2021, "castles": 1704, "gone": 104, "intents": 1279, "celestial": 513, "taste": 589, "ah": 1065, "accents": 895, "forgot": 913, "am": 1053, "deep": 38, "general": 1082, "excusing": 539, "deem": 2147, "at": 269, "ay": 1451, "fill": 760, "again": 236, "roses": 735, "you": 230, "sufficient": 1849, "poor": 420, "perils": 1855, "gifts": 1902, "lovers": 1957, "calls": 1363, "spend": 1533, "mask": 1974, "dyed": 1139, "treason": 1568, "unset": 285, "all": 29, "forget": 385, "pointing": 247, "forbidden": 109, "swerving": 1048, "seals": 927, "'gainst": 183, "forged": 1462, "welfare": 1305, "dish": 2102, "follow": 1514, "religious": 490, "masonry": 751, "oaths": 1574, "dreadful": 1833, "wanton": 1125, "deceivest": 587, "to": 3, "present": 1558, "th": 482, "acquit": 1903, "sustain": 1617, "hideous": 94, "case": 1453, "woman": 595, "worse": 1229, "far": 434, "'will": 1448, "worst": 1084, "minded": 202, "fall": 2151, "awful": 1701, "hems": 372, "difference": 1193, "vouchsafe": 1445, "heaven": 257, "large": 1443, "amend": 2018, "undone": 1782, "coals": 2154, "small": 1019, "quicker": 636, "ten": 120, "harder": 1429, "past": 1000, "amiss": 538, "invention": 571, "pass": 681, "what": 464, "defence": 1483, "darkness": 442, "sweetly": 155, "clock": 775, "sun": 358, "sum": 83, "plast": 1857, "brief": 244, "stoop": 2046, "prevailed": 603, "learned": 1438, "womb": 54, "full": 731, "ranged": 1219, "loose": 2117, "hours": 281, "excess": 1536, "hast": 166, "depend": 1088, "strong": 131, "respect": 545, "tragedy": 1980, "inspired": 1653, "whereupon": 344, "sweetness": 1299, "onwards": 1379, "depart": 2003, "fearfully": 1145, "amazement": 1859, "self-love": 66, "eye": 311, "proceed": 946, "cherubins": 1261, "wiped": 2091, "faint": 1982, "two": 543, "t'achieve": 1963, "taken": 1291, "injury": 793, "more": 337, "wretched": 1310, "knows": 1469, "flit": 1898, "excuse": 607, "controlling": 349, "mounted": 706, "glad": 323, "cunning": 1481, "over-goes": 1173, "fleece": 890, "hour": 771, "remain": 1689, "dazed": 1620, "history": 1091, "stubborn": 1845, "compare": 357, "needing": 1309, "visage": 516, "share": 664, "conspire": 185, "thievish": 957, "numbers": 298, "sense": 1248, "year's": 2019, "firmly": 2073, "huge": 370, "needs": 1158, "court": 1692, "disconsolate": 2162, "rather": 1346, "comfort": 669, "heart's": 662, "sacred": 1277, "stir": 1767, "tried": 1792, "rude": 1877, "disgraced": 872, "aspire": 1651, "blood": 1330, "coming": 712, "a": 16, "refuse": 1561, "short": 1011, "pleasure's": 2077, "resemble": 1262, "shady": 953, "shore": 845, "dread": 2036, "shade": 622, "perjured": 1578, "pleasure": 939, "victors": 1813, "that's": 117, "winged": 707, "soon": 633, "soom": 2134, "trade": 1958, "disabled": 875, "embassy": 639, "through": 396, "committed": 1311, "hell": 1322, "smiling": 1353, "suffer": 783, "saucy": 986, "discloses": 743, "thrilling": 1866, "pray": 1937, "inward": 1394, "deeds": 818, "teeming": 1121, "late": 1887, "absence": 777, "parts": 158, "threescore": 204, "sheaves": 224, "alter": 548, "crawls": 806, "forbear": 1477, "good": 427, "return": 1146, "seeking": 186, "worthier": 979, "ye": 608, "storm-beaten": 527, "thereof": 1807, "compound": 1368, "foot": 625, "hunted": 1405, "complain": 454, "imprisoned": 785, "truths": 1118, "spy": 2075, "tear": 488, "exiled": 1968, "found": 1306, "heavy": 963, "restless": 1682, "weight": 695, "fairing": 1384, "hard": 1738, "oppressed": 646, "idea": 1925, "fist": 1441, "nature's": 319, "incertainties": 1205, "travels": 1220, "flower": 1253, "missed": 1341, "since": 478, "health": 1489, "hill": 129, "issue": 240, "stewards": 1101, "boldness": 1399, "reason": 1404, "base": 1496, "members": 1954, "put": 1382, "teach": 1484, "know'st": 610, "owners": 1099, "deer": 2051, "attainted": 1054, "noted": 941, "pure": 904, "corrupting": 536, "feed": 2081, "seeming": 878, "feel": 1783, "number": 299, "elder": 382, "done": 803, "narcissus": 1860, "moan": 481, "story": 1022, "heads": 1819, "guest": 663, "rondure": 371, "twenty": 1577, "threatening": 1638, "misuse": 1579, "least": 467, "hallowed": 1218, "passed": 1321, "essays": 1230, "hundred": 797, "store": 562, "lease": 232, "travail": 978, "saint": 1523, "adonis": 721, "part": 665, "bower": 1388, "grace": 971, "king": 837, "kind": 1109, "grew": 1136, "double": 972, "grey": 1424, "youth": 132, "tongues": 894, "silence": 1913, "trifles": 668, "lodwick": 1846, "fading": 331, "sensual": 1499, "lie": 498, "th'anvil": 1844, "built": 1771, "pry": 819, "also": 1616, "lip": 1195, "frail": 1663, "finding": 998, "anthems": 1745, "art's": 1386, "play": 738, "added": 967, "quoth": 1812, "unused": 469, "most": 334, "remembreth": 1702, "amazeth": 354, "nothing": 1212, "seasons": 325, "o'ercharged": 393, "windows": 406, "clear": 618, "sometimes": 1600, "cover": 374, "naught": 2116, "flits": 1977, "clean": 2059, "barren": 213, "weigh": 1325, "stones": 714, "self-substantial": 13, "tincture": 734, "summer": 92, "y'have": 1320, "fond": 61, "heavens": 1929, "find": 233, "sportive": 1329, "gilded": 862, "shouldst": 159, "writes": 1020, "hope": 425, "unjustly": 1944, "tempests": 1285, "beauteous": 69, "ordained": 1940, "niggard": 70, "beams": 1266, "impregnable": 857, "trees": 210, "famous": 1821, "feels": 2037, "hid": 472, "breast": 379, "sepulchres": 884, "send'st": 815, "banquet": 660, "merchandise": 2129, "distraction": 1315, "cry": 1025, "remove": 2074, "common": 994, "miseries": 1869, "cease": 203, "wrongfully": 871, "set": 713, "art": 179, "declines": 317, "see": 212, "dumb": 570, "are": 541, "sea": 631, "tender": 638, "close": 1633, "bark": 987, "outward": 892, "spirits": 1032, "horrid": 2149, "enur'd": 1709, "forlorn": 515, "please": 1879, "drooping": 438, "unions": 149, "won": 593, "warrantise": 1562, "woe": 480, "silly": 1758, "burned": 1186, "monsters": 1259, "pictured": 401, "endure": 1583, "knowing": 1061, "creating": 1263, "sole": 549, "vanishing": 838, "death": 645, "baleful": 1784, "both": 630, "last": 1789, "nimble": 628, "thou": 1, "anon": 506, "approve": 614, "finds": 1078, "usest": 585, "flies": 1515, "consume": 1670, "majesty": 973, "reasons": 687, "sweet": 23, "loan": 116, "except": 1546, "liker": 291, "devil": 1524, "'scaped": 1066, "stamp": 1004, "acceptance": 1446, "due": 580, "whom": 666, "wood's": 1398, "delights": 2144, "firm": 846, "flight": 2079, "gay": 891, "'twixt": 1272, "fire": 756, "dial's": 952, "overthrow": 1075, "cruelty": 1791, "else": 1245, "lives": 194, "mournful": 2168, "hardness": 1959, "plants": 261, "look": 795, "frozen": 1824, "straight": 1149, "admire": 1344, "ought": 2159, "eclipses": 810, "guide": 1730, "mote": 1720, "herein": 193, "confound": 814, "itself": 1955, "fairer": 2004, "chase": 1510, "grant": 974, "bristly": 228, "dishonor": 1637, "engrossed": 1430, "wherein": 1052, "rules": 1953, "esteemed": 1116, "ruth": 1680, "covetous": 1437, "used": 1529, "restraint": 1909, "shinedst": 1886, "purpose": 1381, "broils": 748, "lower": 1930, "cheek": 725, "spent": 1152, "frown'st": 1554, "morrow": 1072, "toil": 452, "self": 21, "grossly": 1138, "plagues": 2148, "unseen": 519, "salve": 528, "shape": 177, "hercules": 2106, "madding": 1316, "unto": 1676, "gems": 363, "hated": 1406, "danger": 1836, "hues": 348, "either's": 446, "tongue's": 1492, "lacking": 1858, "big": 1123, "showing": 945, "displace": 1761, "redeem": 1150, "fulness": 763, "moods": 1092, "wings": 1630, "lost": 1581, "hardy": 1710, "graced": 2133, "eek": 2090, "translated": 1119, "canst": 86, "wrack": 1377, "often": 313, "wombs": 1128, "spring": 839, "some": 426, "back": 1047, "lips": 1395, "mighty": 1677, "sight": 485, "priefe": 1949, "sauces": 1301, "acquaintance": 1062, "though": 444, "exceeding": 1822, "modest": 2137, "pen": 502, "temple": 1770, "be": 63, "use": 81, "aloft": 965, "concealed": 1051, "batt'ring": 855, "shine": 1447, "faith": 1416, "constraint": 2035, "wrinkles": 947, "deserves": 977, "ambush": 1691, "pains": 2150, "hatred": 1089, "shiny": 1786, "youthful": 268, "misplaced": 865, "seeing": 896, "into": 817, "within": 37, "ensue": 2120, "sharp'st": 1278, "long": 477, "whereto": 1360, "suit": 1779, ":": 1551, "warried": 1920, "an": 41, "jacks": 1391, "frost": 101, "aread": 1847, "line": 909, "usury": 110, "tempered": 2139, "up": 223, "us": 574, "planet": 2007, "maturity": 807, "slander": 898, "wicked": 1690, "constant": 1188, "goodly": 1800, "likewise": 1808, "surpassing": 2041, "scarlet": 1500, "single": 578, "cure": 1587, "doest": 2088, "rainy": 1071, "sunken": 39, "peace": 1208, "dimmed": 316, "beholder": 1726, "nay": 907, "mock": 1203, "perusal": 567, "elements": 637, "matchable": 2045, "assayed": 1962, "meaning": 1751, "lent": 2086, "desert": 917, "suffers": 1352, "happier": 122, "happies": 112, "vice": 901, "age": 135, "implied": 1634, "came": 2107, "fresh": 297, "having": 125, "once": 781, "hooks": 1463, "soften": 1737, "windy": 1070, "dainty": 1880, "go": 254, "present'st": 903, "graves": 951, "gold": 314, "reckoned": 1456, "young": 1468, "breach": 1575, "virtuous": 286, "over-partial": 1458, "enjoyer": 934, "assay": 1712, "torture": 451, "rhyme": 504, "felicity": 2062, "accuse": 1576, "false-speaking": 1472, "race": 1832, "rack": 512, "alt'ring": 1282, "pledge": 1906, "poets": 1818, "jump": 629, "plead": 648, "decrees": 1274, "languor": 1970, "giving": 1038, "expressed": 1197, "man's": 462, "t'increase": 1900, "attire": 1805, "bird": 1252, "astray": 2095, "body": 1570, "rich-laden": 2128, "melancholy": 647, "led": 2094, "desires": 1665, "beasts": 1830, "sins": 540, "desired": 1058, "objects": 1255, "let": 573, "separation": 579, "others": 1100, "sing": 962, "adulterate": 1327, "great": 82, "conceit": 428, "makes": 1649, "chaste": 1664, "belay": 1707, "heart": 378, "forbid": 333, "win": 848, "private": 170, "posterity": 68, "wit": 419, "decrease": 271, "cloud": 524, "desiring": 461, "shadow's": 617, "cheered": 262, "from": 215, "remains": 1926, "next": 1428, "themselves": 412, "ensample": 1790, "sun's": 411, "defendant": 653, "cheeks": 1414, "pencil": 1161, "assailed": 594, "becomes": 1423, "darting": 1723, "need'st": 1480, "sore": 1990, "harvest": 1396, "entangle": 1870, "account": 827, "augment": 1868, "chide": 156, "this": 198, "ride": 510, "crossed": 1435, "praise": 46, "vaunt": 266, "thralled": 1358, "weaker": 1875, "bent": 1513, "ushers": 1426, "process": 1182, "high": 961, "salving": 537, "his": 65, "bend": 1947, "purposed": 1074, "tan": 1276, "counterfeit": 294, "lamb": 1759, "sit": 560, "holds": 1257, "thrall": 1905, "comedy": 1976, "false-forged": 2153, "sin": 2061, "stock": 1912, "watery": 849, "attend": 1773, "stop": 67, "canker": 729, "bellamores": 2031, "permanent": 2118, "abuse": 73, "fits": 1973, "yielded": 1814, "tomb": 64, "physic": 1545, "untrimmed": 322, "light": 572, "lines": 1176, "trembling": 1731, "chief": 191, "writ": 912, "tenure": 822, "favourites": 408, "dispraise": 1108, "beauties": 834, "move": 1884, "damsel": 1777, "whilst": 772, "dearest": 673, "looks": 137, "tyrant": 1323, "flattering": 1932, "perfect": 386, "refusest": 590, "frailties": 1331, "brood": 1612, "whereon": 1547, "unstained": 905, "decay": 201, "lo": 1713, "brook": 2056, "whereof": 835, "him": 97, "willing": 115, "physicians": 1490, "greater": 899, "anchored": 1459, "sweets": 332, "stout": 858, "hands": 450, "front": 1167, "affections": 1660, "day": 619, "damasked": 1412, "strive": 1242, "feast": 659, "truth": 826, "accompanied": 2142, "gazing": 1374, "legions": 1591, "female": 1518, "doing": 1177, "forepast": 2020, "decays": 861, "exceeded": 505, "our": 542, "wander": 1853, "prizing": 1516, "out": 275, "plods": 693, "eyelids": 439, "mate": 2044, "frowns": 1093, "impart": 920, "cause": 1045, "red": 1413, "one's": 2080, "heretics": 1939, "attending": 140, "tresses": 883, "tempt": 1934, "shun": 1780, "sdeigne": 1636, "spill": 1733, "rearward": 1068, "could": 295, "keep": 173, "length": 1608, "cures": 532, "mortal": 136, "hence": 991, "ears": 1881, "rudely": 867, "savour": 1371, "feasts": 709, "humbless": 1699, "bears": 691, "unknown": 1290, "vulgar": 677, "their": 267, "travelled": 831, "fairest": 1588, "painful": 1741, "beard": 229, "sealed": 1502, "perforce": 1931, "gladness": 1893, "steel": 860, "loved": 700, "aught": 565, "o'er": 1216, "steed": 2121, "riches": 1043, "lion": 1752, "body's": 1539, "loves": 544, "bind": 1442, "bare": 421, "accusing": 792, "enforced": 1001, "false": 340, "gentle": 591, "torment": 1432, "have": 602, "need": 1083, "turn": 2115, "sings": 2040, "reeks": 1415, "able": 1028, "gravity": 689, "adjunct": 1077, "which": 111, "divert": 1280, "lily": 1140, "adieu": 782, "unless": 915, "who": 59, "time's": 956, "offend": 152, "vengeance": 1678, "but": 0, "darts": 1631, "prisoner": 1964, "why": 71, "husband's": 176, "afresh": 476, "deny": 655, "wherewith": 808, "disease": 1952, "face": 514, "looked": 1226, "captivity": 2038, "occasion": 1972, "painting": 876, "wilful": 588, "bring": 1223, "many's": 1090, "fear": 383, "obsequious": 487, "envy": 1390, "succour": 1613, "knowledge": 997, "philomel": 1166, "unpityed": 1687, "world-without-end": 770, "should": 190, "seemeth": 1895, "fuel": 14, "inferior": 988, "exchanged": 1222, "doubting": 935, "insight": 2099, "bonds": 1503, "beat": 1843, "the'accomplishment": 1848, "bear": 160, "perfection": 870, "words": 423, "spur": 705, "rite": 389, "endless": 1211, "course": 321, "imperious": 1946, "married": 150, "calling": 1624, "she": 49, "contain": 1714, "fixed": 1160, "widow": 162, "farthest": 627, "prayers": 1214, "frame": 1302, "pitch": 1034, "freeze": 1981, "desperate": 1544, "closet": 649, "record": 758, "master's": 1943, "nature": 1236, "unseeing": 621, "worship": 1806, "state": 274, "progress": 958, "neither": 1036, "stoutly": 2124, "attention": 2127, "jot": 1993, "amen": 1026, "joy": 1079, "sorrow": 1067, "revived": 1891, "spoil": 1688, "precious": 471, "weary": 2049, "swift": 702, "invited": 1498, "thence": 1232, "equal": 2132, "minds": 1281, "april": 1183, "devour": 1757, "conquered": 1069, "canopy": 218, "glorious": 1772, "strongly": 1989, "marjoram": 1142, "statues": 746, "commend": 1960, "wretch's": 1901, "kings": 1275, "accursed": 2152, "wills": 1334, "whate'er": 327, "poet": 302, "define": 828, "divinely": 2012, "tyranny": 1908, "describe": 720, "proudest": 984, "helen's": 724, "painted": 293, "moved": 1679, "cypress": 1793, "overturn": 747, "painter": 397, "sourly": 599, "surety-like": 1439, "wilt": 328, "plain": 1717, "appearance": 657, "as": 260, "three-fold": 1434, "will": 62, "riper": 1171, "sith": 1829, "dight": 1629, "almost": 944, "thus": 606, "entice": 2109, "lascivious": 1105, "askew": 1655, "assoyle": 2125, "all-eating": 42, "began": 2008, "largess": 75, "strange": 1064, "blooms": 730, "flesh": 1572, "shames": 820, "upon": 626, "effect": 550, "beast": 690, "judgment": 1464, "betray": 1565, "steals": 350, "scarcely": 682, "off": 456, "i": 211, "colour": 1159, "overcast": 1852, "well": 171, "thought": 430, "oft": 255, "tibey": 1097, "builded": 1350, "kiss": 1393, "less": 339, "o'erpressed": 1482, "cries": 1511, "skill": 399, "dost": 72, "reckoning": 1268, "field": 1755, "cage": 2039, "sky": 265, "simple": 1370, "other": 453, "burthen": 394, "infant's": 1517, "smart": 1615, "wooed": 900, "testy": 1485, "devised": 1746, "who's": 569, "five": 796, "know": 698, "burden": 1126, "throng": 1697, "loss": 851, "like": 458, "inviting": 1361, "starry": 1597, "perpetual": 767, "lose": 576, "simply": 1470, "works": 1238, "soft": 1840, "indigest": 1260, "lends": 1018, "decease": 239, "warmed": 1593, "because": 609, "thief": 678, "alive": 1246, "immortal": 992, "hair": 1144, "shew": 1924, "growth": 1170, "home": 816, "transport": 1297, "heaven's": 368, "lead": 1662, "broad": 989, "lean": 1014, "leap": 1392, "masked": 741, "?": 1164, "thinly": 716, "noise": 1742, "obey": 1928, "death's": 473, "although": 624, "worthy": 566, "instinct": 696, "repair": 189, "worths": 829, "uneared": 53, "about": 1628, "murd'rous": 181, "rare": 367, "linger": 1073, "swear": 1421, "sweat": 1826, "adorn'd": 2067, "tongue": 1103, "outstripped": 501, "own": 5, "polished": 1030, "mind's": 1951, "weather": 2005, "esteem": 1153, "ne'er-cloying": 1298, "gazeth": 345, "spread": 409, "dropping": 1735, "inner": 1609, "heresy": 1941, "hoisted": 1295, "brand": 1235, "close-bleeding": 1606, "wand'ring": 1288, "plague": 1899, "gain": 842, "delivers": 1251, "ear": 153, "eat": 1537, "he": 60, "count": 1335, "made": 641, "princes": 252, "glory": 416, "whether": 553, "wish": 287, "signed": 2112, "placed": 717, "cruel": 25, "converted": 684, "limit": 999, "monument": 2136, "minutes": 245, "bearing": 1124, "rightly": 1094, "deaths": 1486, "devise": 916, "measure": 1081, "denote": 1550, "beats": 1988, "'ll": 1060, "didst": 1942, "deadly": 1632, "oak": 1644, "book": 800, "flys": 2082, "sick": 1304, "unlettered": 1023, "behold": 1417, "semblance": 1971, "star": 1287, "waves": 2001, "methinks": 824, "chance": 318, "earthly": 307, "friends": 460, "he's": 836, "jewel": 1115, "gardens": 284, "thrivers": 1373, "determination": 234, "accidents": 1270, "indirectly": 879, "augmented": 1827}