{"all": 155, "saying": 778, "suns": 282, "lack": 636, "perceiv'st": 497, "worms": 70, "foul": 736, "bubble": 1030, "leads": 729, "hath": 216, "'gainst": 125, "lend": 930, "go": 394, "faster": 609, "hate": 563, "elizabeths": 1104, "seemed": 599, "whose": 84, "hold": 617, "praises": 540, "lov'd": 1058, "father": 144, "young": 188, "send": 352, "keep'st": 787, "to": 8, "bays": 913, "present": 634, "th": 48, "lord": 1087, "cunning": 222, "passed": 1095, "worth": 438, "reposeth": 1021, "pay": 518, "woman": 1002, "wished": 419, "worse": 434, "song": 86, "far": 446, "than": 533, "'will": 746, "rise": 794, "rhyme": 173, "account": 902, "saved": 777, "women's": 192, "blot": 573, "rebuked": 690, "worst": 182, "fall": 795, "telling": 505, "common": 481, "timely": 1013, "vouchsafe": 850, "heaven": 654, "prize": 374, "trespass": 694, "did": 601, "die": 35, "conceive": 969, "cloudy": 962, "hereafter": 1100, "leave": 375, "these": 314, "settle": 972, "untimely": 1119, "relics": 889, "meed": 1138, "sleep": 362, "noted": 605, "triumph": 398, "astonishment": 1128, "brave": 132, "says": 681, "ten": 309, "tired": 466, "out-going": 74, "malice": 973, "waking": 556, "later": 1109, "plead": 872, "air": 1032, "crests": 641, "even": 367, "lesser": 670, "what": 214, "defence": 129, "hide": 765, "stands": 716, "ne'er": 562, "wreck": 1010, "giving": 986, "sun": 285, "near": 448, "poison": 686, "debate": 561, "waiting": 427, "surcease": 845, "suspect": 482, "matcheth": 479, "new": 17, "appeal": 680, "ever": 187, "filled": 548, "told": 350, "body": 991, "full": 413, "goodly": 1083, "degree": 1060, "wail": 871, "men": 175, "envy": 1111, "here": 321, "love's": 195, "wild": 1082, "scythe": 127, "slow": 345, "let": 122, "others": 100, "hast": 272, "sing": 591, "strong": 498, "table": 1113, "change": 260, "wait": 426, "every": 721, "substance": 59, "likened": 1006, "boast": 235, "conceit": 647, "leaves": 595, "losses": 266, "odour": 478, "proud": 760, "storms": 979, "herself": 735, "requite": 983, "makes": 415, "honor": 831, "thereto": 868, "king": 555, "spoil": 1090, "golden": 946, "named": 964, "love": 98, "apple": 575, "admired": 985, "blessed-fair": 572, "sorrows": 250, "shun": 728, "wit": 221, "cupid": 800, "lodging": 1102, "crime": 711, "mistress": 802, "'t": 592, "yourself": 819, "use": 196, "fee": 696, "from": 159, "wealth": 257, "would": 467, "prove": 94, "remains": 501, "give": 161, "world's": 10, "next": 653, "pearl": 290, "live": 32, "doubt": 771, "call": 412, "therefore": 615, "scope": 397, "ensample": 833, "more": 121, "breathe": 176, "speaking": 545, "leese": 56, "babe": 674, "beauteous": 403, "sprite": 1061, "advance": 511, "fly": 906, "brings": 258, "heir": 71, "muse": 312, "fools": 709, "grief": 385, "glass": 621, "warm": 26, "virtue": 522, "doom": 153, "stain": 283, "glad": 351, "must": 43, "me": 111, "high": 512, "none": 95, "pride": 826, "sheds": 291, "this": 5, "decay": 521, "work": 894, "soul": 714, "ere": 499, "remain": 323, "can": 128, "praise": 203, "learn": 212, "bower": 1077, "meet": 55, "prevent'st": 611, "fed": 1118, "my": 140, "complain": 847, "control": 718, "heart": 207, "compare": 731, "trump": 1136, "accessary": 297, "accept": 886, "thievish": 373, "well-seeing": 789, "want": 223, "arise": 409, "keep": 703, "allege": 380, "low": 1120, "needs": 298, "end": 149, "winter": 54, "turn": 578, "rather": 947, "lowly": 849, "fetters": 945, "pine": 502, "fairer": 879, "write": 813, "till": 237, "swear": 734, "heart's": 359, "pure": 655, "beams": 976, "answer": 576, "worshipped": 1057, "sworn": 785, "sin": 671, "construe": 970, "eye's": 356, "map": 473, "endite": 814, "tried": 822, "beauty": 42, "may": 112, "after": 492, "canker": 604, "wrong": 184, "blood": 25, "water": 805, "date": 154, "such": 105, "grow": 354, "replete": 666, "man": 679, "a": 82, "purchase": 1089, "short": 1051, "remember": 705, "scourge": 897, "light": 832, "sit": 620, "lines": 453, "darkened": 977, "maintain": 700, "writ": 217, "lent": 1103, "keeps": 163, "pleasure": 193, "gav'st": 209, "increase": 974, "dream": 553, "devouring": 1033, "wind": 896, "blind": 788, "adorned": 859, "help": 799, "office": 613, "deck": 911, "unworthiness": 790, "flowers": 50, "move": 1000, "soon": 810, "whilst": 442, "dearest": 888, "comfortless": 933, "looks": 758, "hell": 428, "cold": 29, "still": 60, "blooded": 880, "badges": 347, "before": 470, "dreading": 597, "limbs": 243, "pent": 738, "thank": 516, "fit": 1121, "how": 236, "pray": 768, "lo": 240, "presence": 997, "deeds": 295, "bosom": 102, "better": 275, "sacred": 1076, "absence": 995, "choose": 458, "fade": 406, "self-willed": 62, "stol'n": 369, "might": 463, "image": 38, "endurence": 1048, "fool": 422, "then": 226, "them": 198, "good": 303, "tyrants": 640, "greater": 866, "thereby": 118, "enrich": 509, "thee": 15, "spell": 968, "ye": 659, "storm-beaten": 958, "truth's": 151, "speechless": 85, "bane": 982, "winter's": 598, "rebel": 878, "flint": 876, "they": 53, "weeds": 583, "not": 34, "now": 566, "day": 242, "nor": 232, "strive": 682, "shadows": 939, "name": 748, "only": 761, "brightness": 1146, "bless": 1132, "ashes": 924, "spotless": 1074, "mead": 998, "truth": 371, "gain": 692, "found": 797, "went": 390, "whenas": 1107, "lofty": 852, "heavy": 346, "lie": 753, "guests": 1116, "surfeit": 503, "doing": 949, "ills": 693, "spider": 1097, "richly": 1114, "books": 884, "year": 1053, "our": 754, "whit": 280, "phoebus": 907, "witness": 708, "out": 191, "large": 585, "lovers": 411, "rude": 514, "'": 747, "eve's": 574, "profit": 508, "th'assurance": 1019, "since": 189, "content": 691, "sustain": 978, "print": 120, "got": 801, "receiving": 342, "cause": 381, "assurance": 1042, "shows": 326, "joyous": 1143, "mourn": 719, "perish": 811, "worthiness": 396, "belied": 730, "commits": 108, "eternal": 1064, "little": 828, "free": 743, "godess": 885, "rain": 817, "besides": 663, "impeached": 715, "put": 384, "teach": 614, "yore": 477, "knit": 829, "feel'st": 27, "care": 414, "delight": 366, "prepare": 818, "argument": 1129, "could": 606, "days": 316, "kingdoms": 484, "times": 310, "thing": 424, "length": 254, "thine": 37, "enlumined": 1078, "tempting": 332, "enough": 660, "hence": 136, "loud": 769, "think": 264, "first": 646, "feed": 780, "saving": 940, "seeming": 89, "hearsay": 200, "mayst": 239, "dull": 593, "earth": 1047, "one": 90, "penance": 996, "done": 862, "fast": 1145, "another": 109, "ill-used": 589, "miss": 1148, "between": 1096, "moan": 490, "given": 435, "seemeth": 938, "silent": 215, "breed": 131, "soonest": 1024, "least": 717, "sweetest": 577, "their": 57, "burn": 925, "of": 110, "too": 65, "pains": 993, "dwell": 410, "deep": 967, "badness": 701, "leach": 988, "fairest": 857, "friend": 265, "gives": 178, "mercy": 984, "eyes": 177, "grant": 808, "that": 101, "tongue": 618, "bit": 956, "universe": 651, "praised": 948, "perforce": 739, "wastes": 610, "part": 358, "annoy": 1063, "loving": 656, "kept": 631, "flattery": 336, "spites": 328, "grace": 224, "here's": 334, "steel": 875, "loved": 270, "kind": 626, "unlooked": 77, "feeds": 781, "gently": 899, "was": 476, "meede": 901, "tree": 1008, "transferred": 752, "bee": 1098, "youth": 405, "matter": 551, "lviii": 1016, "store": 475, "loves": 337, "were": 16, "brazen": 1072, "mirth": 1001, "toward": 99, "and": 14, "false": 333, "angel": 772, "trusting": 1041, "blest": 1112, "mind": 245, "mine": 194, "sad": 355, "gentle": 917, "say": 146, "have": 308, "need": 530, "seen": 454, "seem": 255, "seek": 764, "any": 423, "jacks": 723, "sell": 205, "praising": 320, "nights": 339, "form": 649, "self": 73, "haste": 1093, "adjunct": 704, "other": 564, "subjects": 433, "take": 570, "which": 45, "frail": 1028, "finding": 645, "so": 72, "taught": 1088, "heal": 992, "flattered": 756, "conscience": 793, "play": 602, "towards": 392, "pain": 317, "incapable": 665, "shall": 185, "queene": 1124, "price": 843, "who": 322, "time's": 126, "unused": 41, "most": 525, "curse": 538, "staineth": 286, "amongst": 887, "nothing": 124, "thunder": 1137, "odorous": 1067, "cleared": 963, "why": 379, "grave": 13, "shalt": 638, "constancy": 683, "forever": 1105, "won": 1084, "into": 489, "lose": 461, "stronger": 256, "breathes": 526, "unbred": 622, "ways": 1052, "glutton": 6, "add": 537, "plague": 751, "painting": 450, "sourest": 579, "came": 803, "laws": 378, "stones": 926, "lest": 487, "show": 58, "fond": 539, "nectar": 953, "fingers": 724, "bring": 494, "bright": 340, "abstain": 966, "changeful": 1034, "manifold": 861, "fear": 370, "faith": 1070, "fine": 220, "find": 247, "handmaid": 1122, "count": 762, "unstayed": 1029, "cease": 928, "copy": 123, "shouldst": 119, "unkind": 744, "stair": 1045, "justice": 848, "true": 421, "ruin": 1011, "treasure": 197, "robs": 301, "behind": 388, "tombs": 642, "should": 171, "tears": 289, "going": 389, "black": 452, "rich": 292, "indeed": 870, "'thou": 92, "shrill": 1135, "hope": 400, "meant": 117, "do": 181, "his": 279, "get": 81, "mouths": 527, "'tis": 449, "lighten": 837, "express": 869, "watch": 441, "bear": 558, "yielded": 881, "whiles": 874, "woe": 349, "breast": 657, "words": 541, "despite": 183, "report": 304, "faileth": 1040, "him": 133, "endless": 903, "prime": 1094, "reveal": 989, "spilling": 951, "course": 919, "excel": 1069, "remove": 231, "twice": 172, "bad": 472, "she": 113, "gotten": 1091, "maketh": 667, "poisoned": 669, "where": 230, "view": 271, "fragrant": 1066, "untrue": 668, "art": 21, "standeth": 1043, "fair": 66, "perjured": 796, "accord": 921, "seat": 632, "fortune's": 1133, "see": 23, "dumb": 543, "are": 267, "enfeebled": 552, "seal": 116, "fail": 853, "contains": 500, "sport": 841, "outward": 357, "best": 306, "wonder": 635, "planet": 1050, "tongues": 637, "crooked": 612, "thyself": 1141, "away": 162, "heavenly": 1055, "please": 313, "hardest": 587, "wilful-slow": 391, "state": 261, "there's": 783, "complexion": 737, "unto": 904, "fearless": 1071, "scorn": 259, "drawn": 164, "bliss": 1065, "thrive": 519, "wide": 650, "saucy": 722, "we": 329, "never": 630, "nature": 474, "salve": 990, "joy": 335, "sorrow": 935, "craftsman's": 867, "style": 277, "ignorance": 515, "blame": 429, "faults": 755, "countenance": 547, "disdaineth": 281, "awards": 763, "diest": 79, "year's": 1062, "spark": 824, "pity": 0, "foes": 330, "thereon": 1117, "last": 471, "thou": 20, "many": 88, "ill": 294, "thence": 368, "hours": 1144, "quiet": 246, "against": 559, "agree": 999, "strains": 565, "entertain": 820, "inward": 361, "whole": 742, "afraid": 1027, "glorious": 912, "fester": 581, "unthrifts": 138, "lowliness": 851, "gone": 468, "sweet": 61, "vain": 873, ",": 776, "hers": 331, "slain": 208, "beguiled": 1085, "learning": 513, "kings": 262, "speak": 812, "forms": 1056, "'scaped": 865, "foully": 965, "condemned": 942, "due": 11, "been": 863, ".": 96, "twain": 319, "whom": 325, "secret": 934, "much": 64, "likewise": 959, "privilege": 586, "informer": 713, "lovely": 404, "hardly": 864, "thrice": 418, "labour": 890, "threw": 775, "wants": 1149, "cuckoo": 877, "life": 179, "lived": 628, "general": 698, "crying": 770, "both": 534, "drugs": 685, "what's": 571, "sunshine": 961, "cruelty": 922, "else": 4, "lift": 1131, "lives": 47, "external": 401, "child": 168, "doth": 248, "former": 432, "those": 288, "uplifting": 1130, "highest": 1044, "sourly": 300, "look": 305, "ne": 1039, "wilt": 93, "plain": 975, "straight": 353, "as": 158, "rhymes": 807, "alter": 918, "will": 202, "cast": 520, "while": 263, "sometime": 616, "'not": 779, "error": 676, "weak": 1018, "aid": 1023, "taking": 827, "reflex": 1079, "at": 839, "'mongst": 971, "abhored": 923, "self-pleasing": 825, "soil": 480, "is": 150, "prayer": 844, "thus": 241, "it": 28, "gluttoning": 504, "lascivious": 324, "shame": 107, "vow": 560, "embrace": 910, "owes": 517, "in": 75, "return": 689, "rid": 759, "sits": 103, "alone": 338, "fame": 608, "glory's": 1037, "if": 31, "ransom": 293, "scorneth": 1022, "assure": 658, "perhaps": 941, "things": 496, "make": 69, "belong": 557, "likest": 836, "same": 382, "strange": 1081, "distilled": 51, "proved": 678, "fill": 914, "graces": 1106, "used": 46, "sings": 91, "shined": 834, "upon": 677, "effect": 546, "evil": 699, "hand": 440, "nightly": 252, "strength": 377, "purpose": 204, "weep": 459, "judgment": 408, "shamed": 493, "frozen": 927, "vengeful": 603, "off": 447, "thy": 24, "blam'd": 950, "i": 147, "colour": 607, "well": 201, "spent": 644, "without": 823, "thought": 456, "cheer": 594, "edge": 590, "oft": 507, "self-example": 766, "toil": 1092, "hearts": 485, "the": 1, "reward": 1140, "cure": 661, "yours": 169, "distills": 407, "summer": 624, "ambrosial": 954, "stores": 469, "kiss": 726, "ransoms": 697, "flesh": 1020, "being": 87, "fears": 460, "knot": 830, "rest": 929, "lov'st": 749, "kill": 327, "chace": 908, "prognosticate": 148, "skill": 166, "yet": 180, "dost": 443, "begin": 673, "web": 892, "death": 457, "rose": 652, "onward": 387, "had": 143, "summer's": 416, "cherish": 809, "verse": 186, "belongs": 219, "dreams": 341, "beloved": 229, "thoughts": 544, "save": 130, "ought": 821, "pensiveness": 936, "either's": 348, "increased": 1080, "awakes": 365, "read": 213, "dark": 786, "beast": 1009, "know": 142, "presume": 206, "destroy": 1012, "world": 2, "shadow": 600, "lady": 846, "behold": 633, "dare": 234, "meat": 955, "loss": 568, "outright": 757, "like": 199, "lost": 740, "miracle": 462, "maker": 835, "offices": 506, "heed": 584, "night": 244, "tower": 1073, "works": 1125, "two": 920, "tombed": 44, "fruitless": 893, "sith": 1005, "right": 360, "old": 22, "often": 627, "flatter": 554, "some": 167, "thief": 299, "alive": 170, "immortal": 905, "born": 623, "lips": 725, "elements": 344, "mighty": 980, "election": 1134, "sight": 364, "respect": 542, "images": 269, "curious": 315, "pale": 596, "thinks": 425, "senseless": 1003, "gross": 528, "heaven's": 284, "leaf": 909, "for": 63, "noon": 76, "though": 52, "pen": 523, "equal": 840, "masked": 483, "denied": 767, "three": 629, "knife": 588, "be": 7, "poets": 274, "guiltless": 952, "run": 393, "power": 916, "slight": 311, "remembered": 33, "odor": 1068, "death's": 67, "virtues": 860, "faery": 1123, "forgetfulness": 707, "broken": 895, "cheered": 960, "worthy": 792, "eye": 672, "falls": 1025, "by": 12, "fondness": 943, "takes": 135, "shine": 465, "on": 78, "stone": 1004, "murd'rous": 106, "rare": 420, "renew": 1110, "methinks": 664, "theirs": 276, "feil": 687, "o": 137, "blessings": 536, "stand": 437, "slander": 732, "charm": 981, "lacked": 399, "mean": 1059, "or": 3, "spider's": 891, "bath": 798, "repair": 1038, "raised": 791, "own": 165, "thenceforth": 957, "owe": 486, "pays": 741, "conquest": 68, "nought": 343, "blessed": 395, "son": 83, "down": 854, "lies": 386, "wonderment": 1127, "because": 619, "lively": 1150, "misdeem": 1049, "import": 706, "lesson": 684, "your": 145, "suborned": 712, "breath": 524, "forth": 495, "her": 115, "few": 858, "there": 532, "teachest": 318, "long": 174, "spread": 1115, "victorious": 915, "'i": 774, "prey": 882, "preyed": 1036, "grief's": 253, "war": 156, "happy": 227, "lowest": 1046, "starve": 1147, "head": 238, "himself": 104, "mischief": 1139, "elsewhere": 445, "groan": 383, "wits": 431, "becoming": 720, "but": 30, "back": 210, "assured": 1017, "pricked": 190, "hear": 218, "dead": 625, "beat": 900, "wouds": 1014, "line": 550, "removed": 233, "with": 40, "eat": 9, "he": 134, "abused": 531, "lilies": 580, "made": 18, "wise": 488, "builds": 1075, "glory": 937, "wish": 307, "up": 549, "us": 1086, "carefull": 932, "cruel": 439, "growth": 675, "adore": 856, "engraft": 160, "monument": 639, "happiness": 1099, "cheeks": 529, "covet": 944, "strongly": 662, "sort": 302, "laugh": 838, "bred": 648, "constant": 402, "subdue": 1108, "devise": 535, "ah": 287, "intreat": 898, "nature's": 1126, "am": 228, "wretched": 569, "beauty's": 152, "an": 296, "dear": 139, "single": 36, "proves": 372, "ensuing": 1054, "carved": 114, "goodness": 710, "ink": 464, "ship": 1007, "proceeds": 733, "knows": 727, "again": 211, "compared": 567, "'ll": 278, "dying": 784, "no": 97, "peace": 842, "when": 19, "green": 455, "repent": 1101, "wander": 931, "blown": 1031, "fire": 773, "book": 510, "sick": 688, "becomes": 695, "you": 141, "smell": 582, "beseechers": 745, "mock": 491, "poor": 376, "picture": 363, "draw": 225, "executor": 49, "cools": 806, "living": 855, "dies": 39, "welcome": 417, "prepared": 1142, "sure": 430, "chance": 1035, "flower": 815, "reign": 702, "fresh": 816, "brass": 643, "unless": 80, "died": 273, "longer": 251, "supposeth": 1026, "age": 451, "space": 1015, "daily": 249, "admiring": 436, "life's": 987, "train": 883, "heats": 804, "time": 157, "wake": 444, "erred": 750, "having": 994, "restored": 268, "once": 782}